company,year,employees_year_end,source_url,notes
WPP,2019,106478,https://www.businesswire.com/news/home/20210311005445/en/WPP-2020-Preliminary-Results,"WPP preliminary results (people at 31 Dec); via WebSearch snippet"
WPP,2020,99830,https://www.businesswire.com/news/home/20210311005445/en/WPP-2020-Preliminary-Results,"via WebSearch snippet"
WPP,2021,109382,https://www.businesswire.com/news/home/20230222006095/en/WPP-2022-Preliminary-Results,"via WebSearch snippet"
WPP,2022,115473,https://www.businesswire.com/news/home/20230222006095/en/WPP-2022-Preliminary-Results,"via WebSearch snippet"
WPP,2023,114173,https://www.businesswire.com/news/home/20240221470136/en/WPP-2023-Preliminary-Results,"via WebSearch snippet"
WPP,2024,108044,https://www.sec.gov/Archives/edgar/data/806968/000165495425001971/wpp2024preliminaryresults.htm,"via WebSearch snippet"
WPP,2025,98655,https://www.sec.gov/Archives/edgar/data/806968/000162828026019643/wpp-20251231.htm,"WPP 2025 annual report (20-F) via WebSearch snippet"
Omnicom,2019,70000,https://www.sec.gov/Archives/edgar/data/29989/000002998920000005/omc-20191231.htm,"10-K 'employed approximately'; via WebSearch snippet"
Omnicom,2020,64100,https://www.sec.gov/Archives/edgar/data/29989/000002998921000004/omc-20201231.htm,"via WebSearch snippet"
Omnicom,2021,71700,https://www.sec.gov/Archives/edgar/data/29989/000002998922000012/omc-20211231.htm,"via WebSearch snippet"
Omnicom,2022,74200,https://www.sec.gov/Archives/edgar/data/29989/000002998923000005/omc-20221231.htm,"via WebSearch snippet"
Omnicom,2023,75900,https://www.sec.gov/Archives/edgar/data/29989/000002998924000007/omc-20231231.htm,"via WebSearch snippet"
Omnicom,2024,74900,https://www.sec.gov/Archives/edgar/data/29989/000002998925000009/omc-20241231.htm,"via WebSearch snippet"
Omnicom,2025,120000,https://www.sec.gov/Archives/edgar/data/29989/000002998926000006/omc-20251231.htm,"INCLUDES INTERPUBLIC: Omnicom closed the IPG acquisition 26 Nov 2025; FY2025 10-K headcount ~120,000 is the combined company. Press (mmm-online) reports Omnicom+IPG jointly cut ~8,200 heads in 2025."
Publicis,2019,83235,https://publicisgroupe-csr-smart-data.com/assets/archives/en/publicis-urd-2019-en.pdf,"Universal Registration Document; via WebSearch snippet"
Publicis,2020,79051,https://www.publicisgroupe.com/sites/default/files/investors-document/2021-04/PBS2020_PUBLICIS_URD_EN_MEL_V5_21_04_29.pdf,"via WebSearch snippet"
Publicis,2021,88531,https://documents.publicisgroupe.com/urd_vZ96yy/PBS_URD_2021_EN_MEL_22_05_06.pdf,"via WebSearch snippet"
Publicis,2022,98022,https://documents.publicisgroupe.com/urd2022/PBS_PUBLICIS_URD_EN_2022_MEL_23_05_11.pdf,"via WebSearch snippet"
Publicis,2023,103295,https://documents.publicisgroupe.com/urd2023/PBS2023_PUBLICIS_URD_EN_MeL_24_05_07.pdf,"via WebSearch snippet"
Publicis,2024,108179,https://publicisgroupe-csr-smart-data.com/assets/upload/en/universal_registration_document_2024.pdf,"via WebSearch snippet"
Publicis,2025,114000,https://www.publicisgroupe.com/en/news/press-releases/publicis-groupe-2025-full-year-results,"APPROXIMATE ('around 114,000' at end-2025, +~5,800) per FY2025 results press/Campaign; exact URD 2025 figure UNAVAILABLE in snippets"
Interpublic,2019,54300,https://www.sec.gov/Archives/edgar/data/51644/000005164420000013/ipg12311910k.htm,"10-K; via WebSearch snippet"
Interpublic,2020,50200,https://www.sec.gov/Archives/edgar/data/51644/000005164421000012/ipg-20201231.htm,"via WebSearch snippet"
Interpublic,2021,55600,https://www.sec.gov/Archives/edgar/data/51644/000005164422000010/ipg-20211231.htm,"via WebSearch snippet"
Interpublic,2022,58400,https://www.sec.gov/Archives/edgar/data/51644/000005164423000010/ipg-20221231.htm,"via WebSearch snippet"
Interpublic,2023,57400,https://www.sec.gov/Archives/edgar/data/51644/000005164424000013/ipg-20231231.htm,"via WebSearch snippet"
Interpublic,2024,53300,https://www.sec.gov/Archives/edgar/data/51644/000005164425000024/ipg-20241231.htm,"via WebSearch snippet; last standalone year"
Interpublic,2025,,https://www.sec.gov/Archives/edgar/data/29989/000002998926000006/omc-20251231.htm,"NOT APPLICABLE: acquired by Omnicom 26 Nov 2025; included in Omnicom 2025 figure"
