month,Arts & Entertainment,Marketing,Media & Communications,Software Development,Total (SA),Total (NSA)
2020-02,99.18,100.6,101.1,99.65,100.05,100.6
2020-03,92.69,93.69,94.49,98.22,94.52,97.26
2020-04,58.36,53.29,58.99,77.41,68.2,71.44
2020-05,49.58,44.71,51.01,66.54,62.9,66.78
2020-06,51.94,47.64,54.75,65.23,70.05,73.34
2020-07,56.51,53.13,59.69,67.32,78.26,80.73
2020-08,59.86,58.31,60.2,70.06,82.96,86.65
2020-09,63.48,65.6,64.47,72.94,86.31,90.47
2020-10,67.48,72.18,73.23,77.78,90.46,95.18
2020-11,70.28,79.14,77.08,83.61,93.54,97.13
2020-12,73.62,85.18,80.3,89.97,94.84,94.7
2021-01,77.0,89.52,82.85,93.41,97.68,95.65
2021-02,80.78,97.29,89.52,102.63,103.22,103.82
2021-03,90.09,107.38,98.4,112.24,110.59,113.76
2021-04,100.94,119.56,107.32,120.42,121.96,126.68
2021-05,111.4,130.69,114.76,131.34,128.69,134.38
2021-06,115.37,139.02,120.98,137.54,133.38,138.27
2021-07,119.21,144.99,129.86,145.74,137.36,141.47
2021-08,124.08,150.1,134.06,158.23,139.13,144.46
2021-09,127.64,157.23,142.3,173.64,143.12,148.99
2021-10,136.27,164.92,154.36,186.32,146.98,153.42
2021-11,138.16,172.36,161.08,202.49,152.92,158.35
2021-12,144.57,176.1,163.81,213.86,157.17,159.01
2022-01,140.12,175.77,159.02,216.13,156.5,156.44
2022-02,146.58,183.6,168.74,229.21,159.2,161.62
2022-03,150.12,184.65,170.58,228.77,160.38,165.16
2022-04,150.0,179.7,167.83,224.8,159.82,165.52
2022-05,153.75,175.51,166.65,226.68,160.42,166.82
2022-06,148.67,166.73,160.27,217.9,158.61,164.08
2022-07,141.65,155.89,150.96,202.06,155.67,160.19
2022-08,136.53,146.22,145.21,187.38,153.45,159.19
2022-09,133.43,138.78,136.56,173.96,150.6,156.62
2022-10,130.82,131.44,137.99,160.73,148.52,154.95
2022-11,126.51,125.1,128.87,147.09,147.74,153.0
2022-12,120.68,118.18,119.9,135.28,144.42,146.06
2023-01,114.99,112.67,112.99,126.33,140.58,140.33
2023-02,108.65,105.67,109.05,114.17,136.57,138.59
2023-03,105.52,100.32,106.49,102.55,134.95,139.16
2023-04,103.43,99.74,104.34,98.18,136.02,140.94
2023-05,101.76,96.54,101.42,97.37,134.69,140.11
2023-06,100.59,91.78,99.08,86.96,131.81,136.23
2023-07,100.15,88.72,92.66,83.54,129.43,133.03
2023-08,99.34,88.36,89.61,79.41,128.5,133.47
2023-09,99.2,87.44,88.28,77.29,127.04,132.31
2023-10,96.25,86.24,88.78,75.16,124.94,130.61
2023-11,94.53,85.24,87.41,73.0,123.26,127.79
2023-12,93.79,84.23,85.18,72.5,121.28,122.4
2024-01,93.59,83.12,84.78,71.83,119.38,118.63
2024-02,93.71,81.11,85.9,71.14,118.21,119.81
2024-03,92.89,80.96,84.96,70.8,118.58,122.38
2024-04,90.94,81.2,82.53,70.4,118.51,122.91
2024-05,90.85,80.63,80.86,69.17,115.85,120.67
2024-06,90.29,79.85,80.61,69.91,114.22,118.06
2024-07,87.57,79.69,79.42,70.13,113.66,116.76
2024-08,85.7,79.31,77.04,68.46,113.36,117.88
2024-09,85.26,80.88,76.97,69.39,112.42,117.25
2024-10,83.8,78.39,77.27,68.65,110.05,115.27
2024-11,86.32,77.9,74.75,67.32,109.49,113.64
2024-12,89.79,79.24,74.58,67.43,110.27,111.1
2025-01,85.81,82.14,74.85,67.46,110.15,109.21
2025-02,83.83,79.78,69.9,64.86,109.3,110.69
2025-03,82.02,77.39,67.5,62.32,107.76,111.31
2025-04,79.82,75.69,65.49,63.55,106.76,110.79
2025-05,77.4,74.59,62.87,62.69,105.89,110.35
2025-06,77.43,74.98,63.56,65.38,105.3,108.81
2025-07,77.13,74.77,65.22,65.46,104.31,107.1
2025-08,77.6,77.32,62.54,66.16,104.77,109.04
2025-09,77.08,77.73,62.98,64.76,102.8,107.32
2025-10,78.48,77.89,64.73,64.94,100.95,105.87
2025-11,79.84,78.51,65.24,66.24,101.34,105.23
2025-12,80.83,79.61,67.56,66.95,102.9,103.6
2026-01,82.77,79.28,67.21,68.15,103.27,102.63
2026-02,85.89,76.77,67.27,70.29,104.57,106.0
2026-03,86.97,74.87,65.14,71.56,103.86,107.18
2026-04,84.05,74.1,62.33,72.83,102.68,106.47
2026-05,83.54,75.83,62.84,74.15,101.94,106.15
2026-06,81.68,74.06,64.32,73.17,100.77,104.15
2026-07,81.43,74.73,66.72,75.03,101.59,104.37
2026-08,82.05,76.48,71.84,74.4,101.88,105.94
2026-09,84.19,76.32,70.73,76.91,103.15,107.48
