call,date,n_questions,typical_n,fear_index_strict,fear_index_broad,fear_index_keyword_only,n_ai_disruption,n_seats_pricing,n_ai_monetization,n_dx,n_margins,n_leadership,n_macro_other,coverage,confidence
FY23_Q1,2023-03-15,10,,0.3,0.5,0.4,1,2,1,2,0,0,4,full transcript,medium (hand-labelled full transcript)
FY23_Q2,2023-06-15,10,,0.1,0.1,0.1,1,0,4,1,1,0,3,full transcript,medium (hand-labelled full transcript)
FY23_Q3,2023-09-14,11,,0.091,0.091,0.273,0,1,5,1,1,0,3,full transcript,medium (hand-labelled full transcript)
FY23_Q4,2023-12-13,10,,0.4,0.4,0.6,1,3,2,1,0,0,3,full transcript,medium (hand-labelled full transcript)
FY24_Q1,2024-03-14,10,,0.7,0.7,0.6,3,4,1,0,1,0,1,full transcript,medium (hand-labelled full transcript)
FY24_Q2,2024-06-13,13,,0.385,0.385,0.154,0,5,4,2,0,0,2,full transcript,medium (hand-labelled full transcript)
FY24_Q3,2024-09-12,8,,0.25,0.625,0.5,0,2,2,1,1,0,2,full transcript,medium (hand-labelled full transcript)
FY24_Q4,2024-12-11,10,,0.4,0.6,0.8,0,4,4,0,0,0,2,full transcript,medium (hand-labelled full transcript)
FY25_Q1,2025-03-12,13,,0.077,0.231,0.077,1,0,5,0,2,0,5,full transcript,medium (hand-labelled full transcript)
FY25_Q2,2025-06-12,2,12-15,1.0,1.0,,1,1,0,0,0,0,0,"partial coverage: Alex Zukin (Wolfe), Brent Thill (Jefferies), Jay Vleeschhouwer (Griffin), Kash Rangan (Goldman) confirmed on call; questions not recovered",LOW (partial coverage; WebSearch reconstruction)
FY25_Q3,2025-09-11,10,,0.5,0.5,0.4,2,3,2,2,1,0,0,full transcript,medium (hand-labelled full transcript)
FY25_Q4,2025-12-10,8,,0.375,0.375,0.5,0,3,3,2,0,0,0,full transcript,medium (hand-labelled full transcript)
FY26_Q1,2026-03-12,10,,0.3,0.4,0.3,1,2,3,0,1,2,1,full transcript,medium (hand-labelled full transcript)
FY26_Q2,2026-06-11,10,,0.8,0.8,0.7,3,5,0,1,0,1,0,full transcript,medium (hand-labelled full transcript)
FY26_Q3,2026-09-10,6,12-15,0.5,0.833,,1,2,2,0,0,0,1,"partial coverage: Michael Turrin (Wells Fargo), Saket Kalia (Barclays), Tyler Radke (Citi) confirmed on call; questions not recovered",LOW (partial coverage; WebSearch reconstruction)
