call,sentence
FY23_Q1,"GAAP earnings per share for the quarter was $2.71, and non-GAAP earnings per share was $3.80."
FY23_Q1,"We achieved net new Creative ARR of $307 million and revenue of $2.76 billion, which grew 13% year-over-year."
FY23_Q1,"In Q1, Document Cloud had record revenue of $634 million, which represents 16% year-over-year growth and strong net new ARR of $103 million, with ending ARR growing 22% year-over-year in constant currency."
FY23_Q1,"Subscription revenue was $1.04 billion, both representing 14% year-over-year growth."
FY23_Q1,"In Q1, Adobe achieved record revenue of $4.66 billion, which represents 9% year-over-year growth or 13% in constant currency."
FY23_Q1,"Business and financial highlights included GAAP diluted earnings per share of $2.71 and non-GAAP diluted earnings per share of $3.80, Digital Media revenue of $3.40 billion, net new Digital Media ARR of $410 million, Digital Experience revenue of $1.18 billion, cash flows from operations of $1.69 billion, RPO of $15.21 billion exiting the quarter and repurchasing approximately 5 million shares of "
FY23_Q1,"In our Digital Media segment, we achieved Q1 revenue of $3.40 billion, which represents 9% year-over-year growth or 14% in constant currency."
FY23_Q1,"We achieved Creative revenue of $2.76 billion, which represents 8% year-over-year growth or 13% in constant currency, and we added $307 million of net new creative ARR in the quarter."
FY23_Q1,"Adobe achieved Document Cloud revenue of $634 million, which represents 13% year-over-year growth or 16% in constant currency."
FY23_Q1,"In Q1, we achieved revenue of $1.18 billion and subscription revenue of $1.04 billion, which represents 12% year-over-year growth or 14% in constant currency."
FY23_Q1,"In light of the strong start to the year and momentum across our business and factoring in the macroeconomic environment, for Q2, we're targeting total Adobe revenue of $4.75 billion to $4.78 billion, Digital Media net new ARR of approximately $420 million, Digital Media segment revenue of $3.45 billion to $3.47 billion, Digital Experience segment revenue of $1.21 billion to $1.23 billion, Digital"
FY23_Q1,"For fiscal 2023, we are now targeting Digital Media net new ARR of approximately $1.70 billion, GAAP earnings per share of $10.85 to $11.15 and non-GAAP earnings per share of $15.30 to $15.60."
FY23_Q2,"Adobe had an outstanding quarter, achieving record revenue of $4.82 billion, representing 13% year-over-year growth."
FY23_Q2,"GAAP earnings per share for the quarter was $2.82, and non-GAAP earnings per share was $3.91."
FY23_Q2,"In Q2, we achieved net new creative ARR of $354 million and revenue of $2.85 billion, which grew 14% year-over-year."
FY23_Q2,"In Q2, we achieved Document Cloud revenue of $659 million, growing 14% year-over-year."
FY23_Q2,"Subscription revenue was $1.07 billion, representing 14% year-over-year growth."
FY23_Q2,"In Q2, Adobe achieved record revenue of $4.82 billion, which represents 10% year-over-year growth or 13% in constant currency."
FY23_Q2,Business and financial highlights included: GAAP diluted earnings per share of $2.82 and non-GAAP diluted earnings per share of $3.91; Digital Media revenue of $3.51 billion; net new Digital Media ARR of $470 million; Digital Experience revenue of $1.22 billion; cash flows from operations of $2.14 billion; RPO of $15.22 billion exiting the quarter; and repurchasing approximately 2.7 million shares
FY23_Q2,"In our Digital Media segment, we achieved Q2 revenue of $3.51 billion, which represents 10% year-over-year growth or 14% in constant currency."
FY23_Q2,"We achieved Creative revenue of $2.85 billion, which represents 9% year-over-year growth or 14% in constant currency."
FY23_Q2,"Adobe achieved Document Cloud revenue of $659 million, which represents 11% year-over-year growth or 14% in constant currency."
FY23_Q2,"In Q2, we achieved revenue of $1.22 billion, which represents 12% year-over-year growth or 14% in constant currency."
FY23_Q2,"Q2 subscription revenue was $1.07 billion, which represents 11% year-over-year growth or 14% in constant currency."
FY23_Q2,"In light of the momentum across our business and factoring in current macroeconomic conditions and summer seasonality, for Q3, we're targeting: total Adobe revenue of $4.83 billion to $4.87 billion; Digital Media net new ARR of approximately $410 million; Digital Media segment revenue of $3.55 billion to $3.57 billion; Digital Experience segment revenue of $1.21 billion to $1.23 billion; Digital E"
FY23_Q2,"For fiscal 2023, we're now targeting: total Adobe revenue of $19.25 billion to $19.35 billion; Digital Media net new ARR of approximately $1.75 billion; Digital Media segment revenue of $14.10 billion to $14.15 billion; Digital Experience segment revenue of $4.85 billion to $4.90 billion; Digital Experience subscription revenue of $4.30 billion to $4.35 billion; tax rate of approximately 21.5% on "
FY23_Q3,"Adobe had another record Q3, achieving revenue of $4.89 billion, representing 13% year-over-year growth."
FY23_Q3,"GAAP earnings per share for the quarter was $3.05 and non-GAAP earnings per share was $4.09, representing 26% and 20% year-over-year growth, respectively."
FY23_Q3,"In Q3, we achieved net new Digital Media ARR of $464 million and revenue of $3.59 billion, which grew 14% year-over-year, driven by strength in both our Creative and Document businesses."
FY23_Q3,"In Q3, we achieved Document Cloud revenue of $685 million, growing 15% year-over-year."
FY23_Q3,"Subscription revenue was $1.1 billion, representing 13% year-over-year growth."
FY23_Q3,"In Q3, Adobe achieved revenue of $4.89 billion, which represents 10% year-over-year growth, or 13% in constant currency."
FY23_Q3,"GAAP diluted earnings per share was $3.05, up 26% year-over-year, and non-GAAP diluted earnings per share was $4.09, up 20% year-over-year."
FY23_Q3,"Other business and financial highlights included: Digital Media revenue of $3.59 billion, net new Digital Media ARR of $464 million, Digital Experience revenue of $1.23 billion, cash flows from operations of $1.87 billion, RPO of $15.72 billion exiting the quarter, and repurchasing approximately 2.1 million shares of our stock during the quarter."
FY23_Q3,"In our Digital Media segment, we achieved Q3 revenue of $3.59 billion, which represents 11% year-over-year growth, or 14% in constant currency."
FY23_Q3,"We achieved Creative revenue of $2.91 billion, which represents 11% year-over-year growth, or 14% in constant currency."
FY23_Q3,"Adobe achieved Document Cloud revenue of $685 million, which represents 13% year-over-year growth, or 15% in constant currency, and we added $132 million of net new Document Cloud ARR in the quarter."
FY23_Q3,"In Q3, we achieved revenue of $1.23 billion, which represents 10% year-over-year growth, or 11% in constant currency."
FY23_Q3,"Q3 subscription revenue was $1.10 billion, which represents 12% year-over-year growth, or 13% in constant currency."
FY23_Q3,"Factoring in current macroeconomic conditions and year-end seasonal strength, for Q4, we're targeting total Adobe revenue of $4.975 billion to $5.025 billion; Digital Media net new ARR of approximately $520 million; Digital Media segment revenue of $3.67 billion to $3.70 billion; Digital Experience segment revenue of $1.25 billion to $1.27 billion; Digital Experience subscription revenue of $1.11 "
FY23_Q4,"Adobe achieved revenue of $5.05 billion, representing 13% year-over-year growth."
FY23_Q4,"GAAP earnings per share for the quarter was $3.23 and non-GAAP earnings per share was $4.27, representing 28% and 19% year-over-year growth, respectively."
FY23_Q4,"GAAP earnings per share in fiscal 2023 was $11.82 and non-GAAP earnings per share was $16.07, both representing 17% year-over-year growth."
FY23_Q4,"In Q4, we achieved net new Digital Media ARR of $569 million and revenue of $3.72 billion, which grew 14% year-over-year fueled by innovation in both our Creative and Document businesses."
FY23_Q4,"In Q4, we achieved Document Cloud revenue of $721 million, growing 17% year-over-year."
FY23_Q4,"Subscription revenue was $1.12 billion, representing 12% year-over-year growth."
FY23_Q4,"In FY '23, Adobe achieved record revenue of $19.41 billion, which represents 10% year-over-year growth or 13% growth in constant currency."
FY23_Q4,"GAAP EPS for the year was $11.82 and non-GAAP EPS was $16.07, each growing 17% year-over-year."
FY23_Q4,FY '23 business and financial highlights included: Digital Media revenue of $14.22 billion; net new Digital Media ARR of $1.91 billion; Digital Experience revenue of $4.89 billion; cash flows from operations of $7.3 billion; RPO of $17.22 billion exiting the year; and repurchasing approximately 11.5 million shares of our stock during the year at a cost of $4.63 billion.
FY23_Q4,"In the fourth quarter of FY '23, Adobe achieved revenue of $5.05 billion, which represents 12% year-over-year growth or 13% in constant currency."
FY23_Q4,"GAAP diluted earnings per share in Q4 was $3.23 and non-GAAP diluted earnings per share was a record $4.27, growing 28% and 19% year-over-year, respectively."
FY23_Q4,"Q4 business and financial highlights included: Digital Media revenue of $3.72 billion; net new Digital Media ARR of $569 million; Digital Experience revenue of $1.27 billion; cash flows from operations of $1.6 billion; adding approximately $1.5 billion to RPO in the quarter, our highest sequential quarterly increase ever; and repurchasing approximately 1.8 million shares of our stock."
FY23_Q4,"In our Digital Media segment, we achieved Q4 revenue of $3.72 billion, which represents 13% year-over-year growth or 14% in constant currency."
FY23_Q4,"We achieved Creative revenue of $3 billion, which represents 12% year-over-year growth or 14% in constant currency."
FY23_Q4,"Adobe achieved Document Cloud revenue of $721 million, which represents 16% year-over-year growth or 17% in constant currency."
FY23_Q4,"In Q4, we achieved revenue of $1.27 billion, growing 10% year-over-year or 11% in constant currency."
FY23_Q4,"We achieved subscription revenue of $1.12 billion, which represents 12% year-over-year growth."
FY23_Q4,"Factoring in the momentum across our businesses and current expectations for the macroeconomic and foreign exchange environments, for FY '24, we are targeting: total Adobe revenue of $21.30 billion to $21.50 billion; Digital Media net new ARR of approximately $1.9 billion; Digital Media segment revenue of $15.75 billion to $15.85 billion; Digital Experience segment revenue of $5.275 billion to $5."
FY23_Q4,"For Q1 FY '24, we're targeting: total Adobe revenue of $5.10 billion to $5.15 billion; Digital Media net new ARR of approximately $410 million; Digital Media segment revenue of $3.77 billion to $3.80 billion; Digital Experience segment revenue of $1.27 billion to $1.29 billion; Digital Experience subscription revenue of $1.14 billion to $1.16 billion; tax rate of approximately 18% on a GAAP basis "
FY24_Q1,"GAAP earnings per share for the quarter was $1.36 and non-GAAP earnings per share was $4.48, representing 18% year-over-year growth."
FY24_Q1,"In Q1, we achieved net new Digital Media ARR of $432 million and revenue of $3.82 billion, which grew 13% year-over-year."
FY24_Q1,"In Q1, we achieved Document Cloud revenue of $750 million, growing 18% year-over-year."
FY24_Q1,"Subscription revenue was $1.16 billion, representing 12% year-over-year growth."
FY24_Q1,"In the quarter, Adobe achieved record revenue of $5.18 billion, which represents 11% year-over-year growth, or 12% in constant currency."
FY24_Q1,Business and financial highlights included: GAAP diluted earnings per share of $1.36 and non-GAAP diluted earnings per share of $4.48; Digital Media revenue of $3.82 billion; net new Digital Media ARR of $432 million; Digital Experience revenue of $1.29 billion; cash flows from operations of $1.17 billion; RPO of $17.58 billion exiting the quarter; and repurchasing approximately 3.1 million shares
FY24_Q1,"In our Digital Media segment, we achieved Q1 revenue of $3.82 billion, which represents 12% year-over-year growth, or 13% in constant currency."
FY24_Q1,"Adobe achieved Document Cloud revenue of $750 million, which represents 18% year-over-year growth as reported and in constant currency."
FY24_Q1,"We achieved Creative revenue of $3.07 billion, which represents 11% year-over-year growth, or 12% in constant currency."
FY24_Q1,"Turning to our Digital Experience segment, in Q1 we achieved revenue of $1.29 billion, which represents 10% year-over-year growth as reported and in constant currency."
FY24_Q1,"Digital Experience subscription revenue was $1.16 billion, growing 12% year over year as reported and in constant currency."
FY24_Q1,"In light of the momentum across our business and factoring in the macroeconomic environment, for Q2 we are targeting: total Adobe revenue of $5.25 billion to $5.30 billion; Digital Media net new ARR of approximately $440 million; Digital Media segment revenue of $3.87 billion to $3.90 billion; Digital Experience segment revenue of $1.31 billion to $1.33 billion; Digital Experience subscription rev"
FY24_Q2,"Adobe had an outstanding quarter, achieving revenue of $5.31 billion, representing 11% year-over-year growth."
FY24_Q2,"GAAP earnings per share for the quarter was $3.49, and non-GAAP earnings per share was $4.48, representing 15% year-over-year growth."
FY24_Q2,"In Q2, we achieved net new Digital Media ARR of $487 million and revenue of $3.91 billion, which grew 12% year-over-year."
FY24_Q2,"In Q2, we achieved Document Cloud revenue of $782 million, growing 19% year-over-year."
FY24_Q2,"In Q2, we achieved Experience Cloud revenue of $1.33 billion."
FY24_Q2,"Subscription revenue was $1.2 billion, representing 13% year-over-year growth."
FY24_Q2,"In the quarter, Adobe achieved record revenue of $5.31 billion, which represents 10% year-over-year growth or 11% in constant currency, with strength across all 3 clouds."
FY24_Q2,"Second quarter business and financial highlights included: GAAP diluted earnings per share of $3.49 and non-GAAP diluted earnings per share of $4.48, Digital Media revenue of $3.91 billion, net new Digital Media ARR of $487 million, Digital Experience revenue of $1.33 billion, cash flows from operations of $1.94 billion and RPO of $17.86 billion exiting the quarter."
FY24_Q2,"In our Digital Media segment, we achieved Q2 revenue of $3.91 billion, which represents 11% year-over-year growth or 12% in constant currency."
FY24_Q2,"Adobe achieved Document Cloud revenue of $782 million, which represents 19% year-over-year growth as reported and in constant currency."
FY24_Q2,"We achieved Creative revenue of $3.13 billion, which represents 10% year-over-year growth or 11% in constant currency."
FY24_Q2,"In Q2, we achieved revenue of $1.33 billion, which represents 9% year-over-year growth as reported and in constant currency."
FY24_Q2,"Digital Experience subscription revenue was $1.20 billion, growing 13% year-over-year as reported and in constant currency."
FY24_Q2,"In Q2, Adobe delivered year-over-year EPS growth of 24% on a GAAP basis and 15% on a non-GAAP basis."
FY24_Q2,"For Q3, we're targeting: total Adobe revenue of $5.33 billion to $5.38 billion; Digital Media net new ARR of approximately $460 million; Digital Media segment revenue of $3.95 billion to $3.98 billion; Digital Experience segment revenue of $1.325 billion to $1.345 billion; Digital Experience subscription revenue of $1.20 billion to $1.22 billion; tax rate of approximately 18% on a GAAP basis and 1"
FY24_Q2,"For fiscal 2024, given our first half performance, we are now targeting: total Adobe revenue of $21.40 billion to $21.50 billion; Digital Media net new ARR of approximately $1.95 billion; Digital Media segment revenue of $15.80 billion to $15.85 billion; Digital Experience segment revenue of $5.325 billion to $5.375 billion; Digital Experience subscription revenue of $4.775 billion to $4.825 billi"
FY24_Q3,"We saw strength across Creative Cloud, Document Cloud, and Experience Cloud, achieving revenue of $5.41 billion, representing 11% year-over-year growth."
FY24_Q3,"GAAP earnings per share for the quarter was $3.76 and non-GAAP earnings per share was $4.65, representing 23% and 14% year-over-year growth, respectively."
FY24_Q3,"In Q3, we achieved net new Digital Media ARR of $504 million and revenue of $4 billion, which grew 12% year over year, fueled by innovation in both our Creative and Document businesses."
FY24_Q3,"In Q3, we achieved Document Cloud revenue of $807 million, growing 18% year over year."
FY24_Q3,"In Q3, we achieved Experience Cloud revenue of $1.35 billion."
FY24_Q3,"Subscription revenue was $1.23 billion, representing 12% year-over-year growth."
FY24_Q3,"In Q3, Adobe achieved record revenue of $5.41 billion, which represents 11% year-over-year growth as reported and in constant currency."
FY24_Q3,"Third quarter business and financial highlights included GAAP diluted earnings per share of $3.76 and non-GAAP diluted earnings per share of $4.65, Digital Media revenue of $4.00 billion, net new Digital Media ARR of $504 million, Digital Experience revenue of $1.35 billion, cash flows from operations of $2.02 billion, an RPO of $18.14 billion exiting the quarter."
FY24_Q3,"In our Digital Media segment, we achieved Q3 revenue of $4.00 billion, which represents 11% year-over-year growth or 12% in constant currency."
FY24_Q3,"Adobe achieved Document Cloud revenue of $807 million, which represents 18% year-over-year growth as reported and in constant currency."
FY24_Q3,"We achieved Creative revenue of $3.19 billion, which represents 10% year-over-year growth or 11% in constant currency."
FY24_Q3,"In Q3, we achieved revenue of $1.35 billion, which represents 10% year-over-year growth as reported and in constant currency."
FY24_Q3,"Digital Experience subscription revenue was $1.23 billion, growing 12% year over year as reported and in constant currency."
FY24_Q3,"In Q3, Adobe delivered year-over-year EPS growth of 23% on a GAAP basis and 14% on a non-GAAP basis."
FY24_Q3,"For Q4, we're targeting total Adobe revenue of $5.50 billion to $5.55 billion, Digital Media net new ARR of approximately $550 million, Digital Media segment revenue of $4.09 billion to $4.12 billion, Digital Experience segment revenue of $1.36 billion to $1.38 billion, Digital Experience subscription revenue of $1.23 billion to $1.25 billion, tax rate of approximately 16% on a GAAP basis and 18.5"
FY24_Q4,"In Q4, we achieved revenue of $5.61 billion, representing 11% year-over-year growth."
FY24_Q4,"And our Digital Experience business achieved subscription revenue of $1.27 billion, representing 12% year-over-year growth."
FY24_Q4,"We achieved record revenue of $21.51 billion, representing 11% year-over-year growth."
FY24_Q4,"GAAP earnings per share was $12.36, and non-GAAP earnings per share was $18.42, representing 5% and 15% year-over-year growth, respectively."
FY24_Q4,"In Q4, we achieved net new Digital Media ARR of $578 million and revenue of $4.15 billion, which grew 12% year over year, fueled by innovation in both our Creative and Document businesses."
FY24_Q4,"In Q4, we achieved Document Cloud revenue of $843 million, growing 17% year over year."
FY24_Q4,"The Experience Cloud business had a strong close to the year, achieving revenue of $1.40 billion for the quarter and a record $5.37 billion in revenue in fiscal 2024."
FY24_Q4,"In FY '24, Adobe achieved record revenue of $21.51 billion, which represents 11% year-over-year growth as reported and in constant currency."
FY24_Q4,"GAAP EPS for the year was $12.36, and non-GAAP EPS was $18.42, growing 5% and 15% year over year, respectively."
FY24_Q4,"FY '24 business and financial highlights included Digital Media revenue of $15.86 billion, net new Digital Media ARR of $2.00 billion, Digital Experience revenue of $5.37 billion, cash flows from operations of $8.06 billion, RPO of $19.96 billion exiting the year, and repurchasing approximately 17.5 million shares of our stock during the year."
FY24_Q4,"In the fourth quarter of FY '24, Adobe achieved revenue of $5.61 billion, which represents 11% year-over-year growth as reported and in constant currency."
FY24_Q4,"And non-GAAP diluted earnings per share was a record $4.81, growing 17% and 13% year over year, respectively."
FY24_Q4,"Q4 business and financial highlights included Digital Media revenue of $4.15 billion, net new Digital Media ARR of $578 million, Digital Experience revenue of $1.40 billion, cash flows from operations of $2.92 billion, and added $1.82 billion to RPO in the quarter."
FY24_Q4,"Digital Media In our Digital Media segment, we achieved Q4 revenue of $4.15 billion, which represents 12% year-over-year growth as reported and in constant currency."
FY24_Q4,"Adobe achieved Document Cloud revenue of $843 million, which represents 17% year-over-year growth as reported and in constant currency."
FY24_Q4,"We achieved Creative revenue of $3.30 billion, which represents 10% year-over-year growth, or 11% in constant currency."
FY24_Q4,"Turning to our Digital Experience segment, in Q4, we achieved revenue of $1.40 billion, which represents 10% year-over-year growth as reported and in constant currency."
FY24_Q4,"Digital Experience subscription revenue was $1.27 billion, growing 13% year over year or 12% in constant currency."
FY24_Q4,"For FY '25 we are targeting total Adobe revenue of $23.30 to $23.55 billion; Digital Media segment revenue of $17.25 to $17.40 billion; Digital Media ending ARR book of business growth of 11% year over year; Digital Experience segment revenue of $5.80 to $5.90 billion; Digital Experience subscription revenue of $5.375 to $5.425 billion; GAAP earnings per share of $15.80 to $16.10, and non-GAAP ear"
FY24_Q4,"For Q1 fiscal '25, we are targeting total Adobe revenue of $5.63 to $5.68 billion, Digital Media segment revenue of $4.17 to $4.20 billion, Digital Experience segment revenue of $1.38 to $1.40 billion, Digital Experience subscription revenue of $1.27 to $1.29 billion, GAAP earnings per share of $3.85 to $3.90, and Non-GAAP earnings per share of $4.95 to $5."
FY25_Q1,"GAAP earnings per share for the quarter was $4.14, and non-GAAP earnings per share was $5.08, representing 13% year-over-year growth."
FY25_Q1,"In Q1, we achieved revenue of $4.23 billion, which grew 12% year over year."
FY25_Q1,"Experience Cloud had a strong Q1, achieving revenue of $1.41 billion for the quarter."
FY25_Q1,"In the first quarter of FY '25, Adobe achieved revenue of $5.71 billion, which represents 10% year-over-year growth or 11% in constant currency."
FY25_Q1,GAAP diluted earnings per share in Q1 was $4.14 and non-GAAP diluted earnings per share was $5.08.
FY25_Q1,"Q1 business and financial highlights included, digital media revenue of $4.23 billion, digital media ending ARR of $17.63 billion, growing 12.6% year over year."
FY25_Q1,"Digital experience revenue of $1.41 billion, cash flows from operations of $2.48 billion."
FY25_Q1,"In our digital media segment, we achieved Q1 revenue of $4.23 billion, which represents 11% year-over-year growth or 12% in constant currency."
FY25_Q1,"In Q1, we achieved revenue of $1.41 billion, which represents 10% year-over-year growth as reported and in constant currency."
FY25_Q1,"Digital experience subscription revenue was $1.30 billion, growing 11% year over year as reported and in constant currency."
FY25_Q1,"Creative and marketing professionals group subscription revenue was $3.92 billion, which represents 10% year-over-year growth as reported."
FY25_Q1,"Business professionals and consumers group subscription revenue was $1.53 billion, which represents 15% year-over-year growth as reported."
FY25_Q1,"For Q2 FY '25, we're targeting: total Adobe revenue of $5.77 billion to $5.82 billion; digital media segment revenue of $4.27 billion to $4.30 billion; digital experience segment revenue of $1.43 billion to $1.45 billion; digital experience subscription revenue of $1.315 billion to $1.325 billion; GAAP earnings per share of $3.80 to $3.85; and non-GAAP earnings per share of $4.95 to $5."
FY25_Q3,"In Q3, we achieved record revenue of $5.99 billion, representing 10% year-over-year growth."
FY25_Q3,GAAP earnings per share for the quarter was $4.18 and non-GAAP earnings per share was $5.31 representing 14% year-over-year growth.
FY25_Q3,"In Q3, Digital Media achieved revenue of $4.46 billion, which grew 11% year-over-year."
FY25_Q3,"Digital Experience had a strong Q3, achieving revenue of $1.48 billion for the quarter."
FY25_Q3,"Adobe achieved revenue of $5.99 billion, which represents 11% year-over-year growth as reported or 10% in constant currency."
FY25_Q3,"GAAP diluted earnings per share in Q3 was $4.18 and non-GAAP diluted earnings per share was $5.31 reflecting 11% and 14% year-over-year growth, respectively."
FY25_Q3,Third quarter business and financial highlights included: Digital Media revenue of $4.46 billion.
FY25_Q3,"Digital Experience revenue of $1.48 billion, cash flows from operations of $2.20 billion which is a record for Q3."
FY25_Q3,"In Q3, we achieved revenue of $1.48 billion which represents 9% year-over-year growth as reported and in constant currency."
FY25_Q3,"Digital Experience subscription revenue was $1.37 billion, growing 11% year-over-year as reported and in constant currency."
FY25_Q3,For the Business Professionals and Consumers Group subscription revenue was $1.65 billion which represents 15% year-over-year growth as reported or 14% in constant currency.
FY25_Q3,"For the Creative and Marketing Professionals Group, subscription revenue was $4.12 billion which represents 11% year-over-year growth or 10% in constant currency."
FY25_Q3,"Total Adobe revenue of $6.075 million to $6.125 billion, Digital Media segment revenue of $4.53 billion to $4.56 billion, Digital Experience segment revenue of $1.495 billion to $1.515 billion."
FY25_Q3,Digital Experience subscription revenue of $1.395 billion to $1.410 billion.
FY25_Q3,GAAP Earnings per share of $4.27 to $4.32 and non-GAAP earnings per share of $5.35 to $5.40.
FY25_Q3,"Based on our momentum, we are pleased to raise our media ending ARR growth target, and given our Q4 targets, we are raising the full year total revenue and GAAP and non-GAAP EPS targets."
FY25_Q3,"For FY ’25, we are now targeting total Adobe revenue of $23.65 billion to $23.70 billion."
FY25_Q3,Digital Media segment revenue of $17.56 billion to $17.59 billion.
FY25_Q3,Digital Experience segment revenue of $5.84 billion to $5.86 billion.
FY25_Q3,Digital Experience subscription revenue of $5.39 billion to $5.41 billion.
FY25_Q3,GAAP earnings per share of $16.53 to $16.58 and non-GAAP earnings per share of $20.80 to $20.85.
FY25_Q4,"We achieved record revenue of $23.77 billion and non-GAAP EPS of $20.94, which represents outstanding financial performance."
FY25_Q4,"Digital Media achieved revenue of $4.62 billion in Q4 and full year revenue of $17.65 billion, both of which grew 11% year over year."
FY25_Q4,"Digital experience had a strong close to the year, achieving revenue of $1.52 billion for the quarter and a record $5.86 billion in revenue in FY25."
FY25_Q4,"In FY25, Adobe delivered record revenue of $23.77 billion, growing 11% year over year as reported and in constant currency."
FY25_Q4,"GAAP EPS for the year was $16.70 and non-GAAP EPS was $20.94, growing 35% and 14% year over year, respectively."
FY25_Q4,"FY25 business and financial highlights included: Digital Media revenue of $17.65 billion, growing 11% year over year as reported and in constant currency."
FY25_Q4,"Digital Experience segment revenue was $5.86 billion, growing 9% year over year as reported and in constant currency."
FY25_Q4,"Digital Experience subscription revenue was $5.41 billion, growing 11% year over year as reported and in constant currency."
FY25_Q4,"In Q4, Adobe achieved revenue of $6.19 billion, growing 10% year over year as reported and in constant currency."
FY25_Q4,"GAAP EPS in Q4 was $4.45, and non-GAAP EPS was $5.50, increasing 17% and 14% year over year, respectively."
FY25_Q4,"Q4 business and financial highlights included: Digital Media revenue of $4.62 billion, growing 11% year over year as reported and in constant currency."
FY25_Q4,"Digital Experience segment revenue was $1.52 billion, growing 9% year over year or 8% in constant currency."
FY25_Q4,"Digital Experience subscription revenue was $1.41 billion, growing 11% year over year as reported and in constant currency."
FY25_Q4,"For business professionals and consumers group, subscription revenue was $1.72 billion, increasing 15% year over year as reported or 14% in constant currency."
FY25_Q4,"For the creative and marketing professionals group, subscription revenue was $4.25 billion, increasing 11% year over year or 10% in constant currency."
FY25_Q4,We expect the non-GAAP EPS impact of the acquisition to be negligible in the first year post close and accretive thereafter.
FY25_Q4,"For FY26, we're targeting total Adobe revenue of $25.9 billion to $26.1 billion."
FY25_Q4,"Business professionals and consumer subscription revenue of $7.35 billion to $7.4 billion, creative and marketing professional subscription revenue of $17.75 billion to $17.9 billion."
FY25_Q4,GAAP EPS of $17.90 to $18.10 and non-GAAP EPS of $23.30 to $23.50.
FY25_Q4,"For Q1 FY26, we're targeting total Adobe revenue of $6.25 billion to $6.3 billion, business professional and consumer subscription revenue of $1.74 billion to $1.76 billion, creative and marketing professional subscription revenue of $4.3 billion to $4.33 billion, GAAP EPS of $4.55 to $4.60, and non-GAAP EPS of $5.85 to $5.90."
FY26_Q1,"GAAP earnings per share for the quarter was $4.60 and non-GAAP earnings per share was $6.06, representing 11% and 19% year-over-year growth, respectively."
FY26_Q1,"AI remains a tailwind for our enterprise business, enabling us to deliver Creative & Marketing Professionals subscription revenue of $4.39 billion in Q1, growing 11% year-over-year."
FY26_Q1,"In Q1, Adobe achieved revenue of $6.40 billion, growing 12% year-over-year as reported and 11% in constant currency."
FY26_Q1,"GAAP EPS was $4.60 and non-GAAP EPS was $6.06, increasing 11% and 19% year-over-year, respectively."
FY26_Q1,"Total customer group subscription revenue of $6.17 billion, growing 13% year-over-year or 12% in constant currency."
FY26_Q1,"Business Professionals & Consumers subscription revenue was $1.78 billion, increasing 16% year-over-year as reported or 15% in constant currency."
FY26_Q1,"Creative & Marketing Professionals subscription revenue was $4.39 billion, increasing 12% year-over-year or 11% in constant currency."
FY26_Q1,"For Q2 fiscal 2026, we're targeting total Adobe revenue of $6.43 billion to $6.48 billion, Business Professionals & Consumers subscription revenue of $1.80 billion to $1.82 billion, Creative & Marketing Professionals subscription revenue of $4.41 billion to $4.44 billion, GAAP EPS of $4.35 to $4.40 and non-GAAP EPS of $5.80 to $5.85."
