call,call_date,close_call_date,next_trading_day,close_next_day,reaction_pct,source,url,notes
FY23_Q1,2023-03-15,333.61,2023-03-16,353.29,5.9,"GitHub raw: fja05680/brownbear symbol-cache/ADBE.csv (yfinance-derived daily OHLC; cross-checked vs rosidotidev/algo1 db/tickers/ADBE.csv, identical closes)",https://raw.githubusercontent.com/fja05680/brownbear/master/symbol-cache/ADBE.csv,
FY23_Q2,2023-06-15,490.91,2023-06-16,495.18,0.9,"GitHub raw: fja05680/brownbear symbol-cache/ADBE.csv (yfinance-derived daily OHLC; cross-checked vs rosidotidev/algo1 db/tickers/ADBE.csv, identical closes)",https://raw.githubusercontent.com/fja05680/brownbear/master/symbol-cache/ADBE.csv,
FY23_Q3,2023-09-14,552.16,2023-09-15,528.89,-4.2,"GitHub raw: fja05680/brownbear symbol-cache/ADBE.csv (yfinance-derived daily OHLC; cross-checked vs rosidotidev/algo1 db/tickers/ADBE.csv, identical closes)",https://raw.githubusercontent.com/fja05680/brownbear/master/symbol-cache/ADBE.csv,
FY23_Q4,2023-12-13,624.26,2023-12-14,584.64,-6.3,"GitHub raw: fja05680/brownbear symbol-cache/ADBE.csv (yfinance-derived daily OHLC; cross-checked vs rosidotidev/algo1 db/tickers/ADBE.csv, identical closes)",https://raw.githubusercontent.com/fja05680/brownbear/master/symbol-cache/ADBE.csv,
FY24_Q1,2024-03-14,570.45,2024-03-15,492.46,-13.7,"GitHub raw: fja05680/brownbear symbol-cache/ADBE.csv (yfinance-derived daily OHLC; cross-checked vs rosidotidev/algo1 db/tickers/ADBE.csv, identical closes)",https://raw.githubusercontent.com/fja05680/brownbear/master/symbol-cache/ADBE.csv,
FY24_Q2,2024-06-13,458.74,2024-06-14,525.31,14.5,"GitHub raw: fja05680/brownbear symbol-cache/ADBE.csv (yfinance-derived daily OHLC; cross-checked vs rosidotidev/algo1 db/tickers/ADBE.csv, identical closes)",https://raw.githubusercontent.com/fja05680/brownbear/master/symbol-cache/ADBE.csv,
FY24_Q3,2024-09-12,586.55,2024-09-13,536.87,-8.5,"GitHub raw: fja05680/brownbear symbol-cache/ADBE.csv (yfinance-derived daily OHLC; cross-checked vs rosidotidev/algo1 db/tickers/ADBE.csv, identical closes)",https://raw.githubusercontent.com/fja05680/brownbear/master/symbol-cache/ADBE.csv,
FY24_Q4,2024-12-11,549.93,2024-12-12,474.63,-13.7,"GitHub raw: fja05680/brownbear symbol-cache/ADBE.csv (yfinance-derived daily OHLC; cross-checked vs rosidotidev/algo1 db/tickers/ADBE.csv, identical closes)",https://raw.githubusercontent.com/fja05680/brownbear/master/symbol-cache/ADBE.csv,
FY25_Q1,2025-03-12,438.6,2025-03-13,377.84,-13.9,"GitHub raw: fja05680/brownbear symbol-cache/ADBE.csv (yfinance-derived daily OHLC; cross-checked vs rosidotidev/algo1 db/tickers/ADBE.csv, identical closes)",https://raw.githubusercontent.com/fja05680/brownbear/master/symbol-cache/ADBE.csv,
FY25_Q2,2025-06-12,413.68,2025-06-13,391.68,-5.3,"GitHub raw: fja05680/brownbear symbol-cache/ADBE.csv (yfinance-derived daily OHLC; cross-checked vs rosidotidev/algo1 db/tickers/ADBE.csv, identical closes)",https://raw.githubusercontent.com/fja05680/brownbear/master/symbol-cache/ADBE.csv,
FY25_Q3,2025-09-11,350.55,2025-09-12,349.36,-0.3,"GitHub raw: fja05680/brownbear symbol-cache/ADBE.csv (yfinance-derived daily OHLC; cross-checked vs rosidotidev/algo1 db/tickers/ADBE.csv, identical closes)",https://raw.githubusercontent.com/fja05680/brownbear/master/symbol-cache/ADBE.csv,
FY25_Q4,2025-12-10,343.13,2025-12-11,350.43,2.1,"GitHub raw: fja05680/brownbear symbol-cache/ADBE.csv (yfinance-derived daily OHLC; cross-checked vs rosidotidev/algo1 db/tickers/ADBE.csv, identical closes)",https://raw.githubusercontent.com/fja05680/brownbear/master/symbol-cache/ADBE.csv,
FY26_Q1,2026-03-12,269.78,2026-03-13,249.32,-7.6,"GitHub raw: fja05680/brownbear symbol-cache/ADBE.csv (yfinance-derived daily OHLC; cross-checked vs rosidotidev/algo1 db/tickers/ADBE.csv, identical closes)",https://raw.githubusercontent.com/fja05680/brownbear/master/symbol-cache/ADBE.csv,
FY26_Q2,2026-06-11,218.8,2026-06-12,204.02,-6.8,"GitHub raw: fja05680/brownbear symbol-cache/ADBE.csv (yfinance-derived daily OHLC; cross-checked vs rosidotidev/algo1 db/tickers/ADBE.csv, identical closes)",https://raw.githubusercontent.com/fja05680/brownbear/master/symbol-cache/ADBE.csv,
FY26_Q3,2026-09-10,,2026-09-11,252.23,,WebSearch snippet: ad-hoc-news.de 'Adobe Inc. stock gains after record Q3 and raised 2026 guidance' (close USD 252.23 on 2026-09-11),https://www.ad-hoc-news.de/boerse/news/corporate-news/adobe-inc-stock-gains-after-record-q3-and-raised-2026-guidance/70110548,price CSV ends 2026-07-30; Sep-11-2026 close from news snippet (UNVERIFIED second source); call-date close UNAVAILABLE
