term,first_call,date,mentions_in_call,context
consumption (any sense),FY23_Q1,2023-03-15,1,"ndependent of this combination. David, over to you. Thanks, Shantanu. Hello, everyone. We're living in a visual, digital-first world where content creation and consumption are exploding and where consumers, students and businesses need to create content that stands out and elevates their online profiles. As a result, more and mor"
freemium,FY23_Q1,2023-03-15,1,"X was this recognition that since we introduced Creative Cloud 10 or 11 years ago, we have now a much more comprehensive set of capabilities all the way from a freemium model with Adobe Express, all the way to our high-end creative cloud offerings, but also additional capabilities and packages beyond that like Substance and li"
MAU,FY23_Q1,2023-03-15,2,"tock business driven by the demand for high-quality imaging, vector, video and 3D content. Momentum for Adobe Express with significant year-over-year growth in monthly active users across segments such as students, small businesses and creative professionals. We are actively driving adoption of both new users and existing Creative Cloud s"
credit packs,FY23_Q2,2023-06-15,2,"ng announced last week. Second, copilot generative AI functionality within our flagship applications will drive higher ARPUs and retention. Third, subscription credit packs will be made available for customers who need to generate greater amounts of content. Fourth, we will offer developer communities access to Firefly APIs and al"
generative credits,FY23_Q3,2023-09-14,10,"tion workflows. And finally, we announced subscription offerings, including new generative AI credits with the goal of enabling broad access and user adoption. Generative credits are tokens that enable customers to turn text-based prompts into images, vectors and text effects, with other content types to follow. Free and trial plans inc"
Firefly app,FY23_Q3,2023-09-14,1,"ighlighted several advances to our creative business. First, after an unprecedented beta that saw over 2 billion images generated, Adobe Firefly models and the Firefly web application are now commercially available. Firefly supports text prompts in over 100 languages and enables users around the world to create content that is design"
GenStudio,FY23_Q3,2023-09-14,10,"th of our business. Brands around the globe are working with Adobe to accelerate personalization at scale through generative AI. With the announcement of Adobe GenStudio, we are revolutionizing the entire content supply chain by simplifying the creation-to-activation process with generative AI capabilities and intelligent autom"
Acrobat AI Assistant,FY23_Q4,2023-12-13,3,"bling us to build on our capabilities to deliver personalized digital experiences. Our efforts are focused in 3 areas: one, augmenting our applications with an AI assistant that significantly enhances productivity for current users and provides an intuitive conversational interface to enable more knowledge workers to use our produ"
Firefly Services,FY24_Q1,2024-03-14,14,"y foundation models, Firefly includes a web-based interface for ideation and rapid prototyping, which has seen tremendous adoption. We also recently introduced Firefly services, an AI platform which enables every enterprise to embed and extend our technology into their creative production and marketing workflows. Firefly services is c"
consumption (pricing sense),FY24_Q1,2024-03-14,1,", we think that there's a lot of opportunity for monetization of insight for AI Assistant on our core base of Acrobat users but also, for the first time, doing consumption-based value. So the hundreds of millions of monthly active users of Reader will also be able to get access to AI Assistant and purchase an add-on pack there, too. So"
AI book of business,FY24_Q4,2024-12-11,1,"hieved Creative revenue of $3.30 billion, which represents 10% year-over-year growth, or 11% in constant currency. In the quarter, we added $405 million of net new Creative ARR, growing our ending ARR book of business 11% year over year in constant currency. Fourth quarter Creative growth drivers included strong demand for new subscriptions for Creative Cloud All Apps, acros"
premium tier(s),FY24_Q4,2024-12-11,4," multichannel marketing, such as our differentiated ability to adapt customer journeys in real time based on customer behavior. AI innovations delivered in the premium tiers, and add-ons helped us close our largest bookings quarter ever, with key global customer wins, including Air Canada, Allianz, American Express, Bank of America"
AI-first ARR,FY25_Q3,2025-09-11,1,"ions category. Our AI influenced ARR has now surpassed $5 billion, up from over $3.5 billion exiting fiscal year 2024 and we’ve already surpassed our full year AI-first ending ARR target. Given our customer-focused growth strategy, product innovation and strong go-to-market execution and the momentum in our business. We’re pleased to onc"
AI-influenced ARR,FY25_Q3,2025-09-11,2,"Express products with combined monthly active users growing approximately 20% year-over-year. Adobe is the leader in the AI Creative Applications category. Our AI influenced ARR has now surpassed $5 billion, up from over $3.5 billion exiting fiscal year 2024 and we’ve already surpassed our full year AI-first ending ARR target. Give"
Creative Cloud Pro,FY25_Q3,2025-09-11,6,"cations in Creative Cloud giving creators everything they need to bring their creative visions to life all in one workflow. We’re seeing strong adoption of the Creative Cloud Pro offering, which includes Firefly, reflecting the value professionals see in having AI integrated with power and precision creative tools. Simply put, Adobe is "
Firefly credit,FY25_Q4,2025-12-10,1,"ed 3x quarter over quarter. As subscribers consume more generative credits they have the choice of moving to higher value creative cloud offerings or acquiring Firefly credit add-ons. We also took a huge step forward in Q4 as we showcase the work we've been doing to atomize Photoshop, Express, and Acrobat capabilities as model conte"
