call,date,mgmt_words,seat_hits,usage_hits,seat_per_10k,usage_per_10k,usage_minus_seat_per_10k,detail
FY23_Q1,2023-03-15,7754,2,5,2.58,6.45,3.87,"{""seat"": 1, ""subscribers"": 1, ""consumption"": 1, ""usage"": 2, ""apis?"": 2}"
FY23_Q2,2023-06-15,8134,3,8,3.69,9.84,6.15,"{""seat"": 2, ""subscribers"": 1, ""credit"": 2, ""consumption"": 1, ""usage"": 2, ""generations"": 2, ""apis?"": 1}"
FY23_Q3,2023-09-14,8117,1,27,1.23,33.26,32.03,"{""subscribers"": 1, ""credit"": 3, ""credits"": 11, ""consumption"": 1, ""usage"": 5, ""apis?"": 7}"
FY23_Q4,2023-12-13,8304,1,23,1.2,27.7,26.49,"{""subscriber"": 1, ""credits"": 2, ""consumption"": 1, ""usage"": 15, ""generations"": 4, ""apis?"": 1}"
FY24_Q1,2024-03-14,9154,4,33,4.37,36.05,31.68,"{""seats"": 2, ""subscribers"": 2, ""credit"": 1, ""credits"": 2, ""consumption"": 1, ""usage"": 8, ""generations"": 1, ""firefly services"": 14, ""apis?"": 6}"
FY24_Q2,2024-06-13,8378,1,34,1.19,40.58,39.39,"{""seat"": 1, ""credit"": 1, ""consumption"": 1, ""usage"": 12, ""generations"": 5, ""firefly services"": 12, ""apis?"": 2, ""outcomes"": 1}"
FY24_Q3,2024-09-12,7705,1,32,1.3,41.53,40.23,"{""subscribers"": 1, ""credits"": 4, ""consumption"": 6, ""usage"": 7, ""generations"": 4, ""firefly services"": 6, ""apis?"": 5}"
FY24_Q4,2024-12-11,7938,1,28,1.26,35.27,34.01,"{""subscribers"": 1, ""credits"": 1, ""consumption"": 5, ""usage"": 3, ""generations"": 4, ""firefly services"": 13, ""apis?"": 2}"
FY25_Q1,2025-03-12,8490,3,26,3.53,30.62,27.09,"{""seats"": 2, ""subscribers"": 1, ""credits"": 1, ""consumption"": 4, ""usage"": 8, ""generations"": 3, ""firefly services"": 9, ""outcomes"": 1}"
FY25_Q3,2025-09-11,8168,6,31,7.35,37.95,30.61,"{""seat"": 5, ""subscribers"": 1, ""consumption"": 5, ""usage"": 10, ""generations"": 4, ""firefly services"": 11, ""outcomes"": 1}"
FY25_Q4,2025-12-10,7809,2,42,2.56,53.78,51.22,"{""seat"": 1, ""subscribers"": 1, ""credit"": 6, ""credits"": 12, ""consumption"": 5, ""usage"": 6, ""firefly services"": 10, ""apis?"": 2, ""outcome"": 1}"
FY26_Q1,2026-03-12,7638,2,40,2.62,52.37,49.75,"{""license"": 2, ""credit"": 8, ""credits"": 2, ""consumption"": 5, ""usage"": 12, ""generations"": 3, ""firefly services"": 4, ""apis?"": 2, ""outcome"": 2, ""outcomes"": 2}"
FY26_Q2,2026-06-11,4804,1,11,2.08,22.9,20.82,"{""subscribers"": 1, ""credit"": 2, ""consumption"": 2, ""usage"": 7}"
