fiscal_quarter,group,scenario,scenario_share_repriced,sub_rev_m,prior_year_sub_rev_m,reported_growth_pct,fx_adj_pts,cc_growth_pct,semrush_rev_m,semrush_pts,organic_cc_growth_pct,price_contrib_pts,implied_volume_mix_growth_pct,price_contrib_m2m_sensitivity_pts,implied_volume_mix_m2m_pct,price_contrib_incl_unverified_pts,implied_volume_incl_unverified_pct,fx_note,notes
FY25Q1,Creative & Marketing Professionals,low_10pct,0.1,3920.0,3560.0,10.11,-1.0,11.11,0.0,0.0,11.11,0.83,10.19,0.5,10.56,0.83,10.19,total co. 10% rep / 11% cc; segment cc not disclosed -> company gap applied,
FY25Q1,Creative & Marketing Professionals,base_20pct,0.2,3920.0,3560.0,10.11,-1.0,11.11,0.0,0.0,11.11,1.67,9.29,1.0,10.01,1.67,9.29,total co. 10% rep / 11% cc; segment cc not disclosed -> company gap applied,
FY25Q1,Creative & Marketing Professionals,high_30pct,0.3,3920.0,3560.0,10.11,-1.0,11.11,0.0,0.0,11.11,2.5,8.4,1.51,9.46,2.5,8.4,total co. 10% rep / 11% cc; segment cc not disclosed -> company gap applied,
FY25Q1,Business Professionals & Consumers,low_10pct,0.1,1530.0,1330.0,15.04,-1.0,16.04,0.0,0.0,16.04,1.78,14.0,0.0,16.04,1.78,14.0,total co. 10% rep / 11% cc; segment cc not disclosed -> company gap applied,
FY25Q1,Business Professionals & Consumers,base_20pct,0.2,1530.0,1330.0,15.04,-1.0,16.04,0.0,0.0,16.04,3.51,12.1,0.0,16.04,3.51,12.1,total co. 10% rep / 11% cc; segment cc not disclosed -> company gap applied,
FY25Q1,Business Professionals & Consumers,high_30pct,0.3,1530.0,1330.0,15.04,-1.0,16.04,0.0,0.0,16.04,5.2,10.3,0.0,16.04,5.2,10.3,total co. 10% rep / 11% cc; segment cc not disclosed -> company gap applied,
FY25Q2,Creative & Marketing Professionals,low_10pct,0.1,4020.0,3655.0,9.99,0.0,9.99,0.0,0.0,9.99,0.72,9.2,0.4,9.55,0.72,9.2,segment cc not found; DX sub 11% rep = cc -> 0 assumed,
FY25Q2,Creative & Marketing Professionals,base_20pct,0.2,4020.0,3655.0,9.99,0.0,9.99,0.0,0.0,9.99,1.44,8.43,0.8,9.11,1.44,8.43,segment cc not found; DX sub 11% rep = cc -> 0 assumed,
FY25Q2,Creative & Marketing Professionals,high_30pct,0.3,4020.0,3655.0,9.99,0.0,9.99,0.0,0.0,9.99,2.15,7.67,1.2,8.68,2.15,7.67,segment cc not found; DX sub 11% rep = cc -> 0 assumed,
FY25Q2,Business Professionals & Consumers,low_10pct,0.1,1600.0,1391.0,15.03,0.0,15.03,0.0,0.0,15.03,0.75,14.17,0.0,15.03,0.75,14.17,segment cc not found; DX sub 11% rep = cc -> 0 assumed,
FY25Q2,Business Professionals & Consumers,base_20pct,0.2,1600.0,1391.0,15.03,0.0,15.03,0.0,0.0,15.03,1.46,13.37,0.0,15.03,1.46,13.37,segment cc not found; DX sub 11% rep = cc -> 0 assumed,
FY25Q2,Business Professionals & Consumers,high_30pct,0.3,1600.0,1391.0,15.03,0.0,15.03,0.0,0.0,15.03,2.15,12.6,0.0,15.03,2.15,12.6,segment cc not found; DX sub 11% rep = cc -> 0 assumed,
FY25Q3,Creative & Marketing Professionals,low_10pct,0.1,4117.0,3709.0,11.0,1.0,10.0,0.0,0.0,10.0,0.81,9.12,1.86,8.0,0.81,9.12,Digital Media 12% rep / 11% cc applied to both groups,
FY25Q3,Creative & Marketing Professionals,base_20pct,0.2,4117.0,3709.0,11.0,1.0,10.0,0.0,0.0,10.0,1.62,8.25,3.72,6.05,1.62,8.25,Digital Media 12% rep / 11% cc applied to both groups,
FY25Q3,Creative & Marketing Professionals,high_30pct,0.3,4117.0,3709.0,11.0,1.0,10.0,0.0,0.0,10.0,2.43,7.39,5.6,4.16,2.43,7.39,Digital Media 12% rep / 11% cc applied to both groups,
FY25Q3,Business Professionals & Consumers,low_10pct,0.1,1648.0,1433.0,15.0,1.0,14.0,0.0,0.0,14.0,0.02,13.98,0.0,14.0,0.02,13.98,Digital Media 12% rep / 11% cc applied to both groups,
FY25Q3,Business Professionals & Consumers,base_20pct,0.2,1648.0,1433.0,15.0,1.0,14.0,0.0,0.0,14.0,0.04,13.95,0.0,14.0,0.04,13.95,Digital Media 12% rep / 11% cc applied to both groups,
FY25Q3,Business Professionals & Consumers,high_30pct,0.3,1648.0,1433.0,15.0,1.0,14.0,0.0,0.0,14.0,0.07,13.93,0.0,14.0,0.07,13.93,Digital Media 12% rep / 11% cc applied to both groups,
FY25Q4,Creative & Marketing Professionals,low_10pct,0.1,4250.0,3829.0,11.0,1.0,10.0,0.0,0.0,10.0,1.04,8.86,1.86,7.99,1.04,8.86,C&MP 11% rep / 10% cc; BP&C cc not disclosed -> same gap,
FY25Q4,Creative & Marketing Professionals,base_20pct,0.2,4250.0,3829.0,11.0,1.0,10.0,0.0,0.0,10.0,2.09,7.75,3.72,6.05,2.09,7.75,C&MP 11% rep / 10% cc; BP&C cc not disclosed -> same gap,
FY25Q4,Creative & Marketing Professionals,high_30pct,0.3,4250.0,3829.0,11.0,1.0,10.0,0.0,0.0,10.0,3.14,6.65,5.6,4.16,3.14,6.65,C&MP 11% rep / 10% cc; BP&C cc not disclosed -> same gap,
FY25Q4,Business Professionals & Consumers,low_10pct,0.1,1720.0,1496.0,14.97,1.0,13.97,0.0,0.0,13.97,0.0,13.97,0.0,13.97,0.0,13.97,C&MP 11% rep / 10% cc; BP&C cc not disclosed -> same gap,
FY25Q4,Business Professionals & Consumers,base_20pct,0.2,1720.0,1496.0,14.97,1.0,13.97,0.0,0.0,13.97,0.0,13.97,0.0,13.97,0.0,13.97,C&MP 11% rep / 10% cc; BP&C cc not disclosed -> same gap,
FY25Q4,Business Professionals & Consumers,high_30pct,0.3,1720.0,1496.0,14.97,1.0,13.97,0.0,0.0,13.97,0.0,13.97,0.0,13.97,0.0,13.97,C&MP 11% rep / 10% cc; BP&C cc not disclosed -> same gap,
FY26Q1,Creative & Marketing Professionals,low_10pct,0.1,4389.0,3920.0,11.96,1.0,10.96,0.0,0.0,10.96,1.36,9.48,1.58,9.23,1.36,9.48,C&MP 12% rep / 11% cc; BP&C cc not disclosed -> same gap,
FY26Q1,Creative & Marketing Professionals,base_20pct,0.2,4389.0,3920.0,11.96,1.0,10.96,0.0,0.0,10.96,2.72,8.03,3.17,7.55,2.72,8.03,C&MP 12% rep / 11% cc; BP&C cc not disclosed -> same gap,
FY26Q1,Creative & Marketing Professionals,high_30pct,0.3,4389.0,3920.0,11.96,1.0,10.96,0.0,0.0,10.96,4.09,6.6,4.76,5.92,4.09,6.6,C&MP 12% rep / 11% cc; BP&C cc not disclosed -> same gap,
FY26Q1,Business Professionals & Consumers,low_10pct,0.1,1782.0,1530.0,16.47,1.0,15.47,0.0,0.0,15.47,0.0,15.47,0.0,15.47,0.03,15.43,C&MP 12% rep / 11% cc; BP&C cc not disclosed -> same gap,
FY26Q1,Business Professionals & Consumers,base_20pct,0.2,1782.0,1530.0,16.47,1.0,15.47,0.0,0.0,15.47,0.0,15.47,0.0,15.47,0.06,15.4,C&MP 12% rep / 11% cc; BP&C cc not disclosed -> same gap,
FY26Q1,Business Professionals & Consumers,high_30pct,0.3,1782.0,1530.0,16.47,1.0,15.47,0.0,0.0,15.47,0.0,15.47,0.0,15.47,0.1,15.36,C&MP 12% rep / 11% cc; BP&C cc not disclosed -> same gap,
FY26Q2,Creative & Marketing Professionals,low_10pct,0.1,4537.0,4020.0,12.86,2.0,10.86,40.0,1.0,9.87,1.6,8.14,1.45,8.3,1.6,8.14,C&MP 13% rep / 11% cc; BP&C 16% / 15%,; Q2 C&MP/BP&C back-solved from 9M totals
FY26Q2,Creative & Marketing Professionals,base_20pct,0.2,4537.0,4020.0,12.86,2.0,10.86,40.0,1.0,9.87,3.2,6.45,2.9,6.77,3.2,6.45,C&MP 13% rep / 11% cc; BP&C 16% / 15%,; Q2 C&MP/BP&C back-solved from 9M totals
FY26Q2,Creative & Marketing Professionals,high_30pct,0.3,4537.0,4020.0,12.86,2.0,10.86,40.0,1.0,9.87,4.82,4.82,4.35,5.29,4.82,4.82,C&MP 13% rep / 11% cc; BP&C 16% / 15%,; Q2 C&MP/BP&C back-solved from 9M totals
FY26Q2,Business Professionals & Consumers,low_10pct,0.1,1853.0,1600.0,15.81,1.0,14.81,0.0,0.0,14.81,0.0,14.81,0.0,14.81,0.15,14.64,C&MP 13% rep / 11% cc; BP&C 16% / 15%,; Q2 C&MP/BP&C back-solved from 9M totals
FY26Q2,Business Professionals & Consumers,base_20pct,0.2,1853.0,1600.0,15.81,1.0,14.81,0.0,0.0,14.81,0.0,14.81,0.0,14.81,0.31,14.46,C&MP 13% rep / 11% cc; BP&C 16% / 15%,; Q2 C&MP/BP&C back-solved from 9M totals
FY26Q2,Business Professionals & Consumers,high_30pct,0.3,1853.0,1600.0,15.81,1.0,14.81,0.0,0.0,14.81,0.0,14.81,0.0,14.81,0.46,14.29,C&MP 13% rep / 11% cc; BP&C 16% / 15%,; Q2 C&MP/BP&C back-solved from 9M totals
FY26Q3,Creative & Marketing Professionals,low_10pct,0.1,4651.0,4117.0,12.97,1.0,11.97,120.0,2.91,9.06,1.4,7.55,0.15,8.89,1.4,7.55,C&MP 13% rep / 12% cc; BP&C 16% / 15%,Semrush Q3 contribution is an ESTIMATE (~$120M)
FY26Q3,Creative & Marketing Professionals,base_20pct,0.2,4651.0,4117.0,12.97,1.0,11.97,120.0,2.91,9.06,2.8,6.09,0.3,8.73,2.8,6.09,C&MP 13% rep / 12% cc; BP&C 16% / 15%,Semrush Q3 contribution is an ESTIMATE (~$120M)
FY26Q3,Creative & Marketing Professionals,high_30pct,0.3,4651.0,4117.0,12.97,1.0,11.97,120.0,2.91,9.06,4.19,4.67,0.45,8.57,4.19,4.67,C&MP 13% rep / 12% cc; BP&C 16% / 15%,Semrush Q3 contribution is an ESTIMATE (~$120M)
FY26Q3,Business Professionals & Consumers,low_10pct,0.1,1905.0,1648.0,15.59,1.0,14.59,0.0,0.0,14.59,0.02,14.57,0.13,14.45,0.35,14.2,C&MP 13% rep / 12% cc; BP&C 16% / 15%,
FY26Q3,Business Professionals & Consumers,base_20pct,0.2,1905.0,1648.0,15.59,1.0,14.59,0.0,0.0,14.59,0.04,14.55,0.26,14.3,0.69,13.81,C&MP 13% rep / 12% cc; BP&C 16% / 15%,
FY26Q3,Business Professionals & Consumers,high_30pct,0.3,1905.0,1648.0,15.59,1.0,14.59,0.0,0.0,14.59,0.06,14.52,0.39,14.15,1.04,13.41,C&MP 13% rep / 12% cc; BP&C 16% / 15%,
