effective_date,announce_date,product,plan_type,region,old_price,new_price,pct_change,applies_to,source_url,notes
2022-04-27,2022-03-22,Creative Cloud for teams All Apps,"teams, annual (per license/mo)",North America,79.99,84.99,6.3,renewal,https://blog.adobe.com/en/publish/2022/03/22/creative-cloud-offering-price-update,"Applied at next renewal on/after 2022-04-27; enterprise (ETLA) also raised, amounts not public. Adobe blog."
2022-04-27,2022-03-22,Creative Cloud for teams Single App,"teams, annual (per license/mo)",North America,33.99,35.99,5.9,renewal,https://www.cgchannel.com/2022/03/adobe-to-raise-price-of-creative-cloud-subscriptions/,Teams single-app +$2; individual single-app plans explicitly unchanged in 2022.
2022-04-27,2022-03-22,Creative Cloud All Apps (individual),"individual, month-to-month",North America,79.49,82.49,3.8,renewal,https://blog.adobe.com/en/publish/2022/03/22/creative-cloud-offering-price-update,Only the month-to-month individual All Apps plan changed in 2022; annual plans unchanged.
2022-08-08,2022-08-08,Acrobat Pro (individual),"individual, annual billed monthly",US,14.99,19.99,33.4,new,https://www.schneider.im/adobe-acrobat-pro-price-increase-reminder/,Adobe described the Acrobat Pro increase as ~40% (some SKUs); community reports $15->$20/mo. New customers from 2022-08-08.
2023-07-01,2022-08-08,Acrobat Pro (individual) - existing subscribers,"individual, annual billed monthly",US,14.99,19.99,33.4,renewal,https://community.adobe.com/t5/acrobat-discussions/2023-price-increase-for-adobe-pro/m-p/13536125,Existing subscribers with an active licence at 2022-08-08 repriced from 2023-07-01 at renewal.
2023-11-01,2023-09-13,Creative Cloud All Apps (individual),"individual, annual billed monthly","NA, Central/South America, Europe",54.99,59.99,9.1,all,https://blog.adobe.com/en/publish/2023/09/13/ai-creative-cloud-release-pricing-update,New subscribers immediately; existing at next renewal. Firefly generative credits bundled. Adobe blog + helpx.
2023-11-01,2023-09-13,Creative Cloud All Apps (individual),"individual, month-to-month","NA, Central/South America, Europe",82.49,89.99,9.1,all,https://www.dpreview.com/news/1676880155/adobe-increases-creative-cloud-pricing-takes-firefly-out-of-beta/,dpreview quotes $82.50->$90.
2023-11-01,2023-09-13,"Creative Cloud Single App (Photoshop, Illustrator, Premiere Pro etc.)","individual, annual billed monthly","NA, Central/South America, Europe",20.99,22.99,9.5,all,https://helpx.adobe.com/sg/x-productkb/policy-pricing/subscription-price-increase-2023-individual-plans.html,PetaPixel: $21->$23/mo annual-billed-monthly.
2023-11-01,2023-09-13,Creative Cloud Single App,"individual, month-to-month","NA, Central/South America, Europe",31.49,34.49,9.5,all,https://petapixel.com/2023/09/15/adobe-hikes-creative-cloud-prices-as-it-reports-record-revenue/,PetaPixel/dpreview: $31.50->$34.50.
2023-11-01,2023-09-13,Creative Cloud for teams All Apps,"teams, annual (per license/mo)","NA, Central/South America, Europe",84.99,89.99,5.9,renewal,https://helpx.adobe.com/x-productkb/policy-pricing/subscription-price-increase-2023-enterprise-teams.html,helpx 'Creative Cloud for teams and enterprise 2023 pricing changes'.
2023-11-01,2023-09-13,Creative Cloud for teams Single App,"teams, annual (per license/mo)","NA, Central/South America, Europe",35.99,37.99,5.6,renewal,https://helpx.adobe.com/x-productkb/policy-pricing/subscription-price-increase-2023-enterprise-teams.html,
2023-11-01,2023-09-13,Firefly Premium (100 credits/mo) - NEW SKU,"individual, monthly",Global,,4.99,,new,https://www.dpreview.com/news/1676880155/adobe-increases-creative-cloud-pricing-takes-firefly-out-of-beta/,"New add-on SKU, not a price change (excluded from price model)."
2024-03-05,2023-09-13,"Nov-2023 wave extended to Africa, Asia, Australia",individual + teams,"Africa, Asia, Australia",,,~10,all,https://helpx.adobe.com/sg/x-productkb/policy-pricing/subscription-price-increase-2023-individual-plans.html,Same ~10% structure as Nov-2023; local-currency amounts not captured.
2025-01-15,2024-12-15,Photography plan 20GB (Photoshop+Lightroom),"individual, annual billed monthly",Worldwide,9.99,14.99,50.1,renewal,https://blog.adobe.com/en/publish/2024/12/15/all-new-photography-innovations-pricing-updates,Existing monthly-billed subscribers +50% at renewal; could keep $9.99 equivalent by switching to prepaid annual ($119.88). Retired for NEW subscribers.
2025-01-15,2024-12-15,"Photography plan - new-subscriber entry point (20GB retired, 1TB only)","individual, annual billed monthly",Worldwide,9.99,19.99,100.1,new,https://petapixel.com/2024/12/18/adobe-is-ditching-their-cheapest-photography-plan-for-new-customers-now-what/,Mix effect for new subscribers only; 1TB plan price itself unchanged at $19.99.
2025-01-15,2024-12-15,Lightroom (1TB) plan,"individual, annual billed monthly",Worldwide,9.99,11.99,20.0,all,https://blog.adobe.com/en/publish/2024/12/15/all-new-photography-innovations-pricing-updates,Prepaid annual unchanged at $119.88; Lightroom Classic added to plan.
2025-02-12,2025-02-12,Firefly Standard - NEW SKU,"individual, monthly",Global,,9.99,,new,https://techcrunch.com/2025/02/12/adobe-launches-firefly-ai-subscriptions/,"Launch (promotional) price; Adobe said subject to change 2025-03-15. New SKU, excluded from price model (mix)."
2025-02-12,2025-02-12,Firefly Pro - NEW SKU,"individual, monthly",Global,,29.99,,new,https://petapixel.com/2025/02/18/adobe-now-sells-firefly-plans-but-photographers-dont-need-them-yet/,Launch price $29.99. By 2026 the lineup is Standard $9.99 / Pro $19.99 / Pro Plus $49.99 / Premium $199.99 (re-tier date UNAVAILABLE).
2026-09-01,,Firefly lineup as of Sep-2026: Standard/Pro/Pro Plus/Premium,"individual, monthly",US,,9.99/19.99/49.99/199.99,,new,https://aiproductivity.ai/pricing/adobe-firefly/,Third-party price tracker; Pro Plus & Premium 30% off first year through 2026-08-26. Date of re-tier from $29.99 Pro UNAVAILABLE.
2025-06-17,2025-05-20,Firefly generative credit add-on pack (100 credits),add-on,Global,,4.99,,new,https://helpx.adobe.com/creative-cloud/apps/generative-ai/generative-credits-faq.html,"helpx Generative credits FAQ; larger packs (2,000/4,000/7,000 credits) exist, prices not captured. Credit-tracking enforced from 2025-06-17 (PetaPixel 2025-06-24)."
2025-06-17,2025-05-20,Creative Cloud All Apps -> Creative Cloud Pro (individual),"individual, annual billed monthly",North America,59.99,69.99,16.7,all,https://helpx.adobe.com/account/individual/subscriptions-and-plans/plan-types-and-eligibility/changes-to-individual-plan.html,Existing All Apps members auto-renamed to Pro; new price at first renewal on/after 2025-06-17. New subscribers immediately.
2025-06-17,2025-05-20,Creative Cloud Standard (individual) - NEW lower tier,"individual, annual billed monthly",North America,59.99,54.99,-8.3,new,https://www.fastcompany.com/91337900/adobe-creative-cloud-pro,Downgrade option for existing All Apps members (-8.3% vs old All Apps price); fewer generative credits. Realised uplift on base therefore < list +16.7%.
2025-06-17,2025-05-20,Creative Cloud for teams All Apps -> Creative Cloud Pro for teams,"teams, annual (per license/mo)",North America,89.99,99.99,11.1,renewal,https://helpx.adobe.com/account/individual/subscriptions-and-plans/plan-types-and-eligibility/changes-to-teams-plan.html,Teams All Apps renamed Pro for teams; old 'Pro Edition' renamed 'Pro Plus'.
2025-06-17,2025-05-20,Creative Cloud Single App (individual),"individual, annual billed monthly",North America,22.99,22.99,0.0,all,https://helpx.adobe.com/account/individual/subscriptions-and-plans/plan-types-and-eligibility/changes-to-individual-plan.html,Explicitly NO price change for single-app subscribers in June 2025.
2025-06-17,2025-05-20,Creative Cloud for teams Single App,"teams, annual (per license/mo)",North America,37.99,37.99,0.0,all,https://helpx.adobe.com/account/individual/subscriptions-and-plans/plan-types-and-eligibility/changes-to-teams-plan.html,Unchanged at $37.99 (licenseware summary).
2025-08-19,2025-08-19,Acrobat Studio - NEW SKU (individual $24.99 / teams $29.99),"individual + teams, annual billed monthly",US,,24.99,,new,https://news.adobe.com/news/2025/08/acrobat-studio-delivers-new-ai-powered-home-for-productivity-creativity,"Upsell tier above Acrobat Pro ($19.99); existing Standard/Pro customers offered up to 15% off to upgrade through 2026-10-31. Mix, not price."
2026-01-15,,Acrobat / Creative Cloud consumer 'broad increase' (claimed),individual,US,,,,renewal,https://ravody.com/adobe-creative-cloud-acrobat-pricing-2026/,"LOW CONFIDENCE: only secondary blogs (ravody, redresscompliance) assert a 2026-01-15 consumer increase; no Adobe page or major outlet found. Acrobat Standard individual now lists $14.99 vs earlier $12.99 (+15.4%) per xodo/photutorial, date of that change UNAVAILABLE."
2026-04-01,2026-02-05,"Acrobat Standard for business (Teams/Enterprise, VIP)","teams, annual (per license/mo)",Global (VIP),,,,renewal,https://www.schneider.im/adobe-acrobat-standard-price-increase-announcement/,Adobe reseller notice; percentage NOT disclosed in sources. Current teams list $16.99/user/mo (xodo).
2026-06-01,2026-02-01,"VIP Marketplace list-price increase, most Creative Cloud & Acrobat SKUs (teams/enterprise)","teams/enterprise, annual",Global (VIP),,,5 to 22 (range claimed),renewal,https://www.schneider.im/adobe-acrobat-creative-cloud-others-price-increases/,"Schneider IT: broad increase esp. volume tiers (>=10 licences); Express, Stock, AI Assistant, Sign out of scope. Redress: Acrobat Pro teams $22.99->$23.99 (+4.3%); claims 5-22% by SKU. Enterprise ETLAs protected to term end."
2026-06-01,2026-02-01,Acrobat Pro for teams,"teams, annual (per license/mo)",Global (VIP),22.99,23.99,4.3,renewal,https://redresscompliance.com/adobe-price-increase-2026-impact,Secondary source (licensing consultancy).
2023-01-01,,Adobe Express Premium,"individual, monthly or annual",US,9.99,9.99,0.0,all,https://www.g2.com/products/adobe-express/pricing,No price change found 2023-2026: $9.99/mo or $99.99/yr throughout (G2/Capterra listings). Date column = start of observation window.
