fiscal_quarter,quarter_end,total_revenue_m,total_yoy_pct,total_yoy_cc_pct,cmp_sub_rev_m,cmp_yoy_pct,cmp_yoy_cc_pct,bpc_sub_rev_m,bpc_yoy_pct,bpc_yoy_cc_pct,digital_media_rev_m,dm_yoy_pct,dm_yoy_cc_pct,creative_rev_m,document_cloud_rev_m,digital_media_arr_b,total_adobe_arr_b,total_arr_yoy_pct,semrush_rev_m,source_url,notes
FY24Q1,2024-03-01,5182,,,3560,,,1330,,,3820,,,,,15.76,,,,https://www.sec.gov/Archives/edgar/data/796343/000079634324000057/adbeex991q124.htm,"Total rev & DM ARR per press release. C&MP/BP&C DERIVED from FY25 recast growth rates (3.92B/1.10, 1.53B/1.15) - rounded. DM rev derived from Q1 FY25 release ('up from $3.82B')."
FY24Q2,2024-05-31,5309,,,3655,,,1391,,,3880,,,,,16.25,,,,https://www.sec.gov/Archives/edgar/data/796343/000079634324000140/adbeex991q224.htm,"C&MP/BP&C DERIVED (4.02B/1.10, 1.60B/1.15). DM rev derived (4.35B/1.12)."
FY24Q3,2024-08-30,5405,,,3709,,,1433,,,4000,,,,,16.76,,,,https://www.sec.gov/Archives/edgar/data/796343/000079634324000200/adbeex991q324.htm,"C&MP/BP&C DERIVED (4.117B/1.11, 1.648B/1.15). DM rev from Q3 FY25 release ('up from $4.00B')."
FY24Q4,2024-11-29,5614,,,3829,,,1496,,,4160,,,,,17.33,,,,https://www.sec.gov/Archives/edgar/data/796343/000079634324000250/adbeex991q424.htm,"FY24 total $21.51B; DM $15.86B; Document Cloud FY24 $3.18B. C&MP/BP&C DERIVED (4.25B/1.11, 1.72B/1.15). DM rev derived (4.62B/1.11)."
FY25Q1,2025-02-28,5714,10,11,3920,10,,1530,15,,4227,11,,,,17.63,23.5,,,https://www.sec.gov/Archives/edgar/data/796343/000079634325000052/adbeex991q125.htm,"C&MP $3.92B/BP&C $1.53B from recast disclosure (rounded). Total Adobe ARR DERIVED from Q1 FY26 ($26.06B, +10.9%)."
FY25Q2,2025-05-30,5870,11,,4020,10,,1600,15,,4350,12,,,,18.09,24.08,,,https://www.sec.gov/Archives/edgar/data/796343/000079634325000064/adbeex991q225.htm,Total Adobe ARR $24.08B as restated at FY26 currency rates (Q2 FY26 10-Q).
FY25Q3,2025-08-29,5990,11,,4117,11,,1648,15,,4459,12,11,,,18.59,24.73,,,https://www.sec.gov/Archives/edgar/data/796343/000079634325000102/adbeex991q325.htm,"C&MP/BP&C exact from Q3 FY26 10-Q comparatives (orchestrator starting facts, matched by WebSearch '4.12B/1.65B'). Total ARR DERIVED from Q3 FY26 ($27.50B, +11.2%)."
FY25Q4,2025-11-28,6190,10,,4250,11,10,1720,15,,4620,11,,,,19.2,25.66,,,https://www.sec.gov/Archives/edgar/data/796343/000079634325000135/adbeex991q425.htm,FY25 total $23.77B (+11%). Total ARR $25.20B revalued to $25.66B at FY26 rates (FX). Digital Media ARR $19.2B (+11.5%).
FY26Q1,2026-02-27,6400,12,11,4389,12,11,1782,16,,,,,,,,26.06,10.9,0,https://www.sec.gov/Archives/edgar/data/796343/000079634326000048/adbeex991q126.htm,BP&C growth quoted as 16% in one snippet and 15% in another (1782/1530=16.5%). Semrush not yet owned.
FY26Q2,2026-05-29,6620,13,,4537,13,11,1853,16,15,,,,,,,27.1,12.5,40,https://www.sec.gov/Archives/edgar/data/796343/000079634326000109/adbeex991q226.htm,"Semrush closed 2026-04-28: ~$40M revenue and ~$480M ARR in Q2. Q2 C&MP/BP&C back-solved from 9M FY26 totals (13,577 and 5,540) less Q1 and Q3; press release rounds to $4.54B/$1.85B. ARR growth 12.5% vs $24.08B restated."
FY26Q3,2026-08-28,6760,13,12,4651,13,12,1905,16,15,,,,,,,27.5,11.2,120,https://www.sec.gov/Archives/edgar/data/0000796343/000079634326000147/adbeex991q326.htm,Semrush Q3 revenue NOT disclosed; 120 = ESTIMATE (FY26 guide includes ~$280M Semrush: 280-40 over Q3+Q4; Semrush Q4-25 standalone $117.7M; ARR $480M/4). AI-first ARR >$650M (+150%). 10-Q: https://www.sec.gov/Archives/edgar/data/0000796343/000079634326000156/adbe-20260828.htm
