date,source,statement_lt25w,figure,url,verified
2025-12,"Think with Google article by-lined by WPP (Dave Rolfe, Hogarth; Elav Horwitz, WPP)","50% to 70% time efficiency gains across the production cycle and adaptation and a 2.5X increase in asset output, without increasing headcount or hours",50-70% time; 2.5x asset output; flat headcount/hours,https://business.google.com/us/think/ai-excellence/ai-acceleration-creative-timeline-production-cycle/,Y
2025-12,Think with Google article (same),"Our internal data confirms the impact: 50%-70% faster delivery and 2.5X asset output. Footnote: WPP Internal Data, 2025.",attribution = WPP Internal Data 2025 (unaudited),https://business.google.com/us/think/ai-excellence/ai-acceleration-creative-timeline-production-cycle/,Y
2025-10-14,WPP press release (wpp.com) - WPP and Google partnership,"create new campaign-ready assets for clients in days, not weeks, achieving up to 70% efficiency gains and a 2.5x acceleration in asset utilisation",up to 70% efficiency; 2.5x asset utilisation; days not weeks,https://www.wpp.com/en/news/2025/10/wpp-and-google-forge-groundbreaking-partnership-to-redefine-marketing-with-ai,Y
2025-10-14,WPP press release (wpp.com) - WPP and Google partnership,Global retailer: AI agents ... delivered an 80% increase in operational efficiency,"80% operational efficiency (one client, agents not production)",https://www.wpp.com/en/news/2025/10/wpp-and-google-forge-groundbreaking-partnership-to-redefine-marketing-with-ai,Y
2024-06-18,WPP press release (wpp.com) - AI-powered Production Studio with NVIDIA,"pilot phase in the last 12 months with ... Ford and L'Oreal, advertisers could unlock exponentially more content",qualitative ('exponentially more content'); no number,https://www.wpp.com/en/news/2024/06/wpp-unveils-ai-powered-production-studio,Y
2026-01-22,WPP press release (wpp.com) - WPP Production launch,"close to 10,000 people and capable of delivering great volumes of high-quality, culturally relevant content","~10,000 production staff; no volume number",https://www.wpp.com/en/news/2026/01/wpp-launches-wpp-production-empowering-clients-to-reimagine-growth-with-world-class-content,Y
2026-02,WPP Strategy Update & FY25 results analyst presentation p106,"Capability split of 2025 revenue less pass-through costs: WPP Media 41%, WPP Creative 40%, Enterprise Solutions 13%, WPP Production 6%",WPP Production = 6% of 2025 revenue less pass-through,https://cdn.wpp.com/raw/upload/v1778673460/wpp/project/wpp/files/investors/2026/analyst-presentation-strategy-update---.pdf,Y
2026-02,WPP Strategy Update & FY25 results analyst presentation p12,"Headcount c.99,000 (2024: c.108,000), partly offset by wage inflation - Reduced use of freelancers",headcount c.99k vs c.108k (-8%); fewer freelancers,https://cdn.wpp.com/raw/upload/v1778673460/wpp/project/wpp/files/investors/2026/analyst-presentation-strategy-update---.pdf,Y
2026-08,WPP H1 2026 results presentation p21/p31,"WPP Production +1.3% (Q1: +1.9%) [LFL revenue less pass-through costs, Q2 2026]",WPP Production LFL +1.3% Q2 (Q1 +1.9%),https://cdn.wpp.com/image/upload/v1786014146/WPP-H1-2026-Results-presentation.pdf,Y
2026-08,WPP H1 2026 results presentation p22,Average headcount 97k (H1'25: 106k),avg headcount -8.5% YoY,https://cdn.wpp.com/image/upload/v1786014146/WPP-H1-2026-Results-presentation.pdf,Y
2026-08,WPP H1 2026 results presentation p29,Investor engagement calendar: WPP PRODUCTION WEBINAR Q3'26,Production webinar scheduled Q3 2026 (not yet published as of 2026-10-02),https://cdn.wpp.com/image/upload/v1786014146/WPP-H1-2026-Results-presentation.pdf,Y
2026-03,WPP Annual Report 2025,"71,000 staff now using the platform regularly, equivalent to around 90% of client-facing staff, compared to 33% a year ago",WPP Open users 71k (90% vs 33%); no asset-volume figure in AR,https://cdn.wpp.com/raw/upload/v1778673483/wpp/project/wpp/files/investors/2026/annual-report/wpp_annual_report_2025.pdf,Y
2026-08,WPP H1 2026 results call transcript,"(no asset-volume, time-saved or output-per-head figure disclosed; headcount only)",UNAVAILABLE in transcript,https://cdn.wpp.com/image/upload/v1786096257/Interim-Results-2026-Webcast-and-Conference-Call-Transcript.pdf,Y
