case,individual_cc_arr_b,annual_decline_pct,arr_lost_m,margin_case,eps_per_100m_arr,eps_at_risk,pct_of_fy26_nongaap_eps_guide,math
low_40,5.0,5,250,45pct_margin,0.0948,0.24,1.0,"EPS per $100M ARR = $100M x margin x (1-0.18) / 389.2M diluted shares (10-Q cover 2026-09-18) = $0.0948 at 45% incremental margin, $0.0737 at 35%. FY26 non-GAAP EPS reference = 9M actual $18.15 (IR datasheet) + Q4 guide midpoint $6.325 = $24.47. Ignores revenue-recognition lag between ARR and EPS."
low_40,5.0,5,250,35pct_margin,0.0737,0.18,0.8,
low_40,5.0,10,500,45pct_margin,0.0948,0.47,1.9,
low_40,5.0,10,500,35pct_margin,0.0737,0.37,1.5,
low_40,5.0,20,1000,45pct_margin,0.0948,0.95,3.9,
low_40,5.0,20,1000,35pct_margin,0.0737,0.74,3.0,
base_50,6.25,5,313,45pct_margin,0.0948,0.3,1.2,
base_50,6.25,5,313,35pct_margin,0.0737,0.23,0.9,
base_50,6.25,10,625,45pct_margin,0.0948,0.59,2.4,
base_50,6.25,10,625,35pct_margin,0.0737,0.46,1.9,
base_50,6.25,20,1250,45pct_margin,0.0948,1.19,4.8,
base_50,6.25,20,1250,35pct_margin,0.0737,0.92,3.8,
high_60,7.5,5,375,45pct_margin,0.0948,0.36,1.5,
high_60,7.5,5,375,35pct_margin,0.0737,0.28,1.1,
high_60,7.5,10,750,45pct_margin,0.0948,0.71,2.9,
high_60,7.5,10,750,35pct_margin,0.0737,0.55,2.3,
high_60,7.5,20,1501,45pct_margin,0.0948,1.42,5.8,
high_60,7.5,20,1501,35pct_margin,0.0737,1.11,4.5,
