metric,period,value,unit,source,page,url,date_accessed,verified,notes
Creative Cloud enterprise ARR,FY2021,1.5,USD billions,Adobe Investor Meeting (Summit) Mar 12 2025 deck,64,https://www.adobe.com/cc-shared/assets/investor-relations/pdfs/21305202/atrg43rwge.pdf,2026-10-02,Y,"Slide 'Creative opportunity driving enterprise growth'; FY21-FY24 CAGR 15% (constant currency); read from rendered slide image"
Creative Cloud enterprise ARR,FY2022,1.8,USD billions,Adobe Investor Meeting Mar 12 2025 deck,64,https://www.adobe.com/cc-shared/assets/investor-relations/pdfs/21305202/atrg43rwge.pdf,2026-10-02,Y,
Creative Cloud enterprise ARR,FY2023,1.9,USD billions,Adobe Investor Meeting Mar 12 2025 deck,64,https://www.adobe.com/cc-shared/assets/investor-relations/pdfs/21305202/atrg43rwge.pdf,2026-10-02,Y,
Creative Cloud enterprise ARR,FY2024,2.2,USD billions,Adobe Investor Meeting Mar 12 2025 deck,64,https://www.adobe.com/cc-shared/assets/investor-relations/pdfs/21305202/atrg43rwge.pdf,2026-10-02,Y,"= 16% of Creative Cloud ending ARR $13.9B (same deck p.85)"
Creative Cloud ending ARR,FY2021,10.3,USD billions,Adobe Investor Meeting Mar 12 2025 deck,85,https://www.adobe.com/cc-shared/assets/investor-relations/pdfs/21305202/atrg43rwge.pdf,2026-10-02,Y,"old segmentation (includes Acrobat-in-CC and Express)"
Creative Cloud ending ARR,FY2024,13.9,USD billions,Adobe Investor Meeting Mar 12 2025 deck,85,https://www.adobe.com/cc-shared/assets/investor-relations/pdfs/21305202/atrg43rwge.pdf,2026-10-02,Y,"8-K Q4 FY24 says $13.85B; subscriptions CAGR ~10% and US CC Apps ARPU growth ~10% FY21-24 excluding Education and Enterprise"
Document Cloud ending ARR,FY2024,3.5,USD billions,Adobe Investor Meeting Mar 12 2025 deck,85,https://www.adobe.com/cc-shared/assets/investor-relations/pdfs/21305202/atrg43rwge.pdf,2026-10-02,Y,"8-K Q4 FY24: $3.48B; subscriptions CAGR ~19%, ARPU growth ~24% FY21-24"
Experience Cloud subscription revenue,FY2024,4.9,USD billions,Adobe Investor Meeting Mar 12 2025 deck,64 and 85,https://www.adobe.com/cc-shared/assets/investor-relations/pdfs/21305202/atrg43rwge.pdf,2026-10-02,Y,"Content (AEM/Commerce/GenStudio/Workfront) CAGR 16%; total 13%"
Enterprise customers,FY2024,~22000,count,Adobe Investor Meeting Mar 12 2025 deck,20 and 97,https://www.adobe.com/cc-shared/assets/investor-relations/pdfs/21305202/atrg43rwge.pdf,2026-10-02,Y,"'Enterprise accounts include all Digital Experience and Creative Cloud enterprise and corporate customers as of FY24'; ~1,500 enterprises with 5+ products"
Routes to market definition,FY2024,Digital & Channel vs Enterprise,,Adobe Investor Meeting Mar 12 2025 deck,15 and 20,https://www.adobe.com/cc-shared/assets/investor-relations/pdfs/21305202/atrg43rwge.pdf,2026-10-02,Y,"Adobe.com + App stores (billions of users) | Resellers + Inside sales (millions of SMBs = teams/VIP) | Enterprise sales + SIs (thousands of enterprises). Donuts carry no printed percentages; see donut_pixel_measurement rows"
