soc_code,occupation,technology,listed_in_technology_skills,onet_category,hot_technology_flag,in_demand_flag,posting_share_pct_of_occupation_postings_2025,national_hot_tech_rank_2025,national_unique_postings_2025,source_url_demand,source_url_summary,onet_site_version,date_accessed
27-1024.00,Employer-Based In Demand Software Skills 27-1024.00 - Graphic Designers,Adobe Photoshop,N,,Y,Y,In Demand61,47,112439,https://www.onetonline.org/link/demand/27-1024.00,https://www.onetonline.org/link/summary/27-1024.00#TechnologySkills,"O*NET OnLine 'Site updated August 25, 2026'; occupation pages 'Updated 2026'; Lightcast US postings Jan 1-Dec 31 2025 (46,885,153 unique postings)",2026-10-02
27-1024.00,Employer-Based In Demand Software Skills 27-1024.00 - Graphic Designers,Adobe Illustrator,Y,Graphics or photo imaging software,Y,Y,In Demand62,66,85736,https://www.onetonline.org/link/demand/27-1024.00,https://www.onetonline.org/link/summary/27-1024.00#TechnologySkills,"O*NET OnLine 'Site updated August 25, 2026'; occupation pages 'Updated 2026'; Lightcast US postings Jan 1-Dec 31 2025 (46,885,153 unique postings)",2026-10-02
27-1024.00,Employer-Based In Demand Software Skills 27-1024.00 - Graphic Designers,Adobe InDesign,Y,Desktop publishing software,Y,Y,In Demand49,77,69049,https://www.onetonline.org/link/demand/27-1024.00,https://www.onetonline.org/link/summary/27-1024.00#TechnologySkills,"O*NET OnLine 'Site updated August 25, 2026'; occupation pages 'Updated 2026'; Lightcast US postings Jan 1-Dec 31 2025 (46,885,153 unique postings)",2026-10-02
27-1024.00,Employer-Based In Demand Software Skills 27-1024.00 - Graphic Designers,Adobe Premiere Pro,N,,N,Y,In Demand7,,,https://www.onetonline.org/link/demand/27-1024.00,https://www.onetonline.org/link/summary/27-1024.00#TechnologySkills,"O*NET OnLine 'Site updated August 25, 2026'; occupation pages 'Updated 2026'; Lightcast US postings Jan 1-Dec 31 2025 (46,885,153 unique postings)",2026-10-02
27-1024.00,Employer-Based In Demand Software Skills 27-1024.00 - Graphic Designers,Adobe After Effects,Y,Video creation and editing software,Y,Y,In Demand16,151,24227,https://www.onetonline.org/link/demand/27-1024.00,https://www.onetonline.org/link/summary/27-1024.00#TechnologySkills,"O*NET OnLine 'Site updated August 25, 2026'; occupation pages 'Updated 2026'; Lightcast US postings Jan 1-Dec 31 2025 (46,885,153 unique postings)",2026-10-02
27-1024.00,Employer-Based In Demand Software Skills 27-1024.00 - Graphic Designers,Adobe Acrobat,Y,Document management software,Y,N,,134,30431,https://www.onetonline.org/link/demand/27-1024.00,https://www.onetonline.org/link/summary/27-1024.00#TechnologySkills,"O*NET OnLine 'Site updated August 25, 2026'; occupation pages 'Updated 2026'; Lightcast US postings Jan 1-Dec 31 2025 (46,885,153 unique postings)",2026-10-02
27-1024.00,Employer-Based In Demand Software Skills 27-1024.00 - Graphic Designers,Adobe Creative Cloud software,Y,Graphics or photo imaging software,Y,Y,In Demand47,50,102109,https://www.onetonline.org/link/demand/27-1024.00,https://www.onetonline.org/link/summary/27-1024.00#TechnologySkills,"O*NET OnLine 'Site updated August 25, 2026'; occupation pages 'Updated 2026'; Lightcast US postings Jan 1-Dec 31 2025 (46,885,153 unique postings)",2026-10-02
27-1024.00,Employer-Based In Demand Software Skills 27-1024.00 - Graphic Designers,Canva,Y,Graphics or photo imaging software,Y,Y,In Demand7,71,74016,https://www.onetonline.org/link/demand/27-1024.00,https://www.onetonline.org/link/summary/27-1024.00#TechnologySkills,"O*NET OnLine 'Site updated August 25, 2026'; occupation pages 'Updated 2026'; Lightcast US postings Jan 1-Dec 31 2025 (46,885,153 unique postings)",2026-10-02
27-1024.00,Employer-Based In Demand Software Skills 27-1024.00 - Graphic Designers,Figma,Y,Graphical user interface development software,Y,Y,In Demand11,86,59256,https://www.onetonline.org/link/demand/27-1024.00,https://www.onetonline.org/link/summary/27-1024.00#TechnologySkills,"O*NET OnLine 'Site updated August 25, 2026'; occupation pages 'Updated 2026'; Lightcast US postings Jan 1-Dec 31 2025 (46,885,153 unique postings)",2026-10-02
27-1011.00,Employer-Based In Demand Software Skills 27-1011.00 - Art Directors,Adobe Photoshop,Y,Graphics or photo imaging software,Y,Y,In Demand25,47,112439,https://www.onetonline.org/link/demand/27-1011.00,https://www.onetonline.org/link/summary/27-1011.00#TechnologySkills,"O*NET OnLine 'Site updated August 25, 2026'; occupation pages 'Updated 2026'; Lightcast US postings Jan 1-Dec 31 2025 (46,885,153 unique postings)",2026-10-02
27-1011.00,Employer-Based In Demand Software Skills 27-1011.00 - Art Directors,Adobe Illustrator,Y,Graphics or photo imaging software,Y,Y,In Demand23,66,85736,https://www.onetonline.org/link/demand/27-1011.00,https://www.onetonline.org/link/summary/27-1011.00#TechnologySkills,"O*NET OnLine 'Site updated August 25, 2026'; occupation pages 'Updated 2026'; Lightcast US postings Jan 1-Dec 31 2025 (46,885,153 unique postings)",2026-10-02
27-1011.00,Employer-Based In Demand Software Skills 27-1011.00 - Art Directors,Adobe InDesign,Y,Desktop publishing software,Y,Y,In Demand20,77,69049,https://www.onetonline.org/link/demand/27-1011.00,https://www.onetonline.org/link/summary/27-1011.00#TechnologySkills,"O*NET OnLine 'Site updated August 25, 2026'; occupation pages 'Updated 2026'; Lightcast US postings Jan 1-Dec 31 2025 (46,885,153 unique postings)",2026-10-02
27-1011.00,Employer-Based In Demand Software Skills 27-1011.00 - Art Directors,Adobe Premiere Pro,N,,,,,,,https://www.onetonline.org/link/demand/27-1011.00,https://www.onetonline.org/link/summary/27-1011.00#TechnologySkills,"O*NET OnLine 'Site updated August 25, 2026'; occupation pages 'Updated 2026'; Lightcast US postings Jan 1-Dec 31 2025 (46,885,153 unique postings)",2026-10-02
27-1011.00,Employer-Based In Demand Software Skills 27-1011.00 - Art Directors,Adobe After Effects,Y,Video creation and editing software,Y,Y,In Demand11,151,24227,https://www.onetonline.org/link/demand/27-1011.00,https://www.onetonline.org/link/summary/27-1011.00#TechnologySkills,"O*NET OnLine 'Site updated August 25, 2026'; occupation pages 'Updated 2026'; Lightcast US postings Jan 1-Dec 31 2025 (46,885,153 unique postings)",2026-10-02
27-1011.00,Employer-Based In Demand Software Skills 27-1011.00 - Art Directors,Adobe Acrobat,Y,Document management software,Y,N,,134,30431,https://www.onetonline.org/link/demand/27-1011.00,https://www.onetonline.org/link/summary/27-1011.00#TechnologySkills,"O*NET OnLine 'Site updated August 25, 2026'; occupation pages 'Updated 2026'; Lightcast US postings Jan 1-Dec 31 2025 (46,885,153 unique postings)",2026-10-02
27-1011.00,Employer-Based In Demand Software Skills 27-1011.00 - Art Directors,Adobe Creative Cloud software,Y,Graphics or photo imaging software,Y,Y,In Demand38,50,102109,https://www.onetonline.org/link/demand/27-1011.00,https://www.onetonline.org/link/summary/27-1011.00#TechnologySkills,"O*NET OnLine 'Site updated August 25, 2026'; occupation pages 'Updated 2026'; Lightcast US postings Jan 1-Dec 31 2025 (46,885,153 unique postings)",2026-10-02
27-1011.00,Employer-Based In Demand Software Skills 27-1011.00 - Art Directors,Canva,N,,,,,71,74016,https://www.onetonline.org/link/demand/27-1011.00,https://www.onetonline.org/link/summary/27-1011.00#TechnologySkills,"O*NET OnLine 'Site updated August 25, 2026'; occupation pages 'Updated 2026'; Lightcast US postings Jan 1-Dec 31 2025 (46,885,153 unique postings)",2026-10-02
27-1011.00,Employer-Based In Demand Software Skills 27-1011.00 - Art Directors,Figma,Y,Graphical user interface development software,Y,Y,In Demand24,86,59256,https://www.onetonline.org/link/demand/27-1011.00,https://www.onetonline.org/link/summary/27-1011.00#TechnologySkills,"O*NET OnLine 'Site updated August 25, 2026'; occupation pages 'Updated 2026'; Lightcast US postings Jan 1-Dec 31 2025 (46,885,153 unique postings)",2026-10-02
27-1014.00,Employer-Based In Demand Software Skills 27-1014.00 - Special Effects Artists and Animators,Adobe Photoshop,N,,Y,Y,In Demand49,47,112439,https://www.onetonline.org/link/demand/27-1014.00,https://www.onetonline.org/link/summary/27-1014.00#TechnologySkills,"O*NET OnLine 'Site updated August 25, 2026'; occupation pages 'Updated 2026'; Lightcast US postings Jan 1-Dec 31 2025 (46,885,153 unique postings)",2026-10-02
27-1014.00,Employer-Based In Demand Software Skills 27-1014.00 - Special Effects Artists and Animators,Adobe Illustrator,Y,Graphics or photo imaging software,Y,Y,In Demand43,66,85736,https://www.onetonline.org/link/demand/27-1014.00,https://www.onetonline.org/link/summary/27-1014.00#TechnologySkills,"O*NET OnLine 'Site updated August 25, 2026'; occupation pages 'Updated 2026'; Lightcast US postings Jan 1-Dec 31 2025 (46,885,153 unique postings)",2026-10-02
27-1014.00,Employer-Based In Demand Software Skills 27-1014.00 - Special Effects Artists and Animators,Adobe InDesign,Y,Desktop publishing software,Y,Y,In Demand26,77,69049,https://www.onetonline.org/link/demand/27-1014.00,https://www.onetonline.org/link/summary/27-1014.00#TechnologySkills,"O*NET OnLine 'Site updated August 25, 2026'; occupation pages 'Updated 2026'; Lightcast US postings Jan 1-Dec 31 2025 (46,885,153 unique postings)",2026-10-02
27-1014.00,Employer-Based In Demand Software Skills 27-1014.00 - Special Effects Artists and Animators,Adobe Premiere Pro,N,,N,Y,In Demand17,,,https://www.onetonline.org/link/demand/27-1014.00,https://www.onetonline.org/link/summary/27-1014.00#TechnologySkills,"O*NET OnLine 'Site updated August 25, 2026'; occupation pages 'Updated 2026'; Lightcast US postings Jan 1-Dec 31 2025 (46,885,153 unique postings)",2026-10-02
27-1014.00,Employer-Based In Demand Software Skills 27-1014.00 - Special Effects Artists and Animators,Adobe After Effects,Y,Video creation and editing software,Y,Y,In Demand32,151,24227,https://www.onetonline.org/link/demand/27-1014.00,https://www.onetonline.org/link/summary/27-1014.00#TechnologySkills,"O*NET OnLine 'Site updated August 25, 2026'; occupation pages 'Updated 2026'; Lightcast US postings Jan 1-Dec 31 2025 (46,885,153 unique postings)",2026-10-02
27-1014.00,Employer-Based In Demand Software Skills 27-1014.00 - Special Effects Artists and Animators,Adobe Acrobat,Y,Document management software,Y,N,,134,30431,https://www.onetonline.org/link/demand/27-1014.00,https://www.onetonline.org/link/summary/27-1014.00#TechnologySkills,"O*NET OnLine 'Site updated August 25, 2026'; occupation pages 'Updated 2026'; Lightcast US postings Jan 1-Dec 31 2025 (46,885,153 unique postings)",2026-10-02
27-1014.00,Employer-Based In Demand Software Skills 27-1014.00 - Special Effects Artists and Animators,Adobe Creative Cloud software,Y,Graphics or photo imaging software,Y,Y,In Demand37,50,102109,https://www.onetonline.org/link/demand/27-1014.00,https://www.onetonline.org/link/summary/27-1014.00#TechnologySkills,"O*NET OnLine 'Site updated August 25, 2026'; occupation pages 'Updated 2026'; Lightcast US postings Jan 1-Dec 31 2025 (46,885,153 unique postings)",2026-10-02
27-1014.00,Employer-Based In Demand Software Skills 27-1014.00 - Special Effects Artists and Animators,Canva,Y,Graphics or photo imaging software,Y,Y,In Demand6,71,74016,https://www.onetonline.org/link/demand/27-1014.00,https://www.onetonline.org/link/summary/27-1014.00#TechnologySkills,"O*NET OnLine 'Site updated August 25, 2026'; occupation pages 'Updated 2026'; Lightcast US postings Jan 1-Dec 31 2025 (46,885,153 unique postings)",2026-10-02
27-1014.00,Employer-Based In Demand Software Skills 27-1014.00 - Special Effects Artists and Animators,Figma,Y,Graphical user interface development software,Y,Y,In Demand17,86,59256,https://www.onetonline.org/link/demand/27-1014.00,https://www.onetonline.org/link/summary/27-1014.00#TechnologySkills,"O*NET OnLine 'Site updated August 25, 2026'; occupation pages 'Updated 2026'; Lightcast US postings Jan 1-Dec 31 2025 (46,885,153 unique postings)",2026-10-02
27-4032.00,Employer-Based In Demand Software Skills 27-4032.00 - Film and Video Editors,Adobe Photoshop,Y,Graphics or photo imaging software,Y,Y,In Demand24,47,112439,https://www.onetonline.org/link/demand/27-4032.00,https://www.onetonline.org/link/summary/27-4032.00#TechnologySkills,"O*NET OnLine 'Site updated August 25, 2026'; occupation pages 'Updated 2026'; Lightcast US postings Jan 1-Dec 31 2025 (46,885,153 unique postings)",2026-10-02
27-4032.00,Employer-Based In Demand Software Skills 27-4032.00 - Film and Video Editors,Adobe Illustrator,Y,Graphics or photo imaging software,Y,Y,In Demand14,66,85736,https://www.onetonline.org/link/demand/27-4032.00,https://www.onetonline.org/link/summary/27-4032.00#TechnologySkills,"O*NET OnLine 'Site updated August 25, 2026'; occupation pages 'Updated 2026'; Lightcast US postings Jan 1-Dec 31 2025 (46,885,153 unique postings)",2026-10-02
27-4032.00,Employer-Based In Demand Software Skills 27-4032.00 - Film and Video Editors,Adobe InDesign,Y,Desktop publishing software,Y,Y,In Demand5,77,69049,https://www.onetonline.org/link/demand/27-4032.00,https://www.onetonline.org/link/summary/27-4032.00#TechnologySkills,"O*NET OnLine 'Site updated August 25, 2026'; occupation pages 'Updated 2026'; Lightcast US postings Jan 1-Dec 31 2025 (46,885,153 unique postings)",2026-10-02
27-4032.00,Employer-Based In Demand Software Skills 27-4032.00 - Film and Video Editors,Adobe Premiere Pro,N,,N,Y,In Demand47,,,https://www.onetonline.org/link/demand/27-4032.00,https://www.onetonline.org/link/summary/27-4032.00#TechnologySkills,"O*NET OnLine 'Site updated August 25, 2026'; occupation pages 'Updated 2026'; Lightcast US postings Jan 1-Dec 31 2025 (46,885,153 unique postings)",2026-10-02
27-4032.00,Employer-Based In Demand Software Skills 27-4032.00 - Film and Video Editors,Adobe After Effects,Y,Graphics or photo imaging software,Y,Y,In Demand37,151,24227,https://www.onetonline.org/link/demand/27-4032.00,https://www.onetonline.org/link/summary/27-4032.00#TechnologySkills,"O*NET OnLine 'Site updated August 25, 2026'; occupation pages 'Updated 2026'; Lightcast US postings Jan 1-Dec 31 2025 (46,885,153 unique postings)",2026-10-02
27-4032.00,Employer-Based In Demand Software Skills 27-4032.00 - Film and Video Editors,Adobe Acrobat,N,,,,,134,30431,https://www.onetonline.org/link/demand/27-4032.00,https://www.onetonline.org/link/summary/27-4032.00#TechnologySkills,"O*NET OnLine 'Site updated August 25, 2026'; occupation pages 'Updated 2026'; Lightcast US postings Jan 1-Dec 31 2025 (46,885,153 unique postings)",2026-10-02
27-4032.00,Employer-Based In Demand Software Skills 27-4032.00 - Film and Video Editors,Adobe Creative Cloud software,Y,Graphics or photo imaging software,Y,Y,In Demand17,50,102109,https://www.onetonline.org/link/demand/27-4032.00,https://www.onetonline.org/link/summary/27-4032.00#TechnologySkills,"O*NET OnLine 'Site updated August 25, 2026'; occupation pages 'Updated 2026'; Lightcast US postings Jan 1-Dec 31 2025 (46,885,153 unique postings)",2026-10-02
27-4032.00,Employer-Based In Demand Software Skills 27-4032.00 - Film and Video Editors,Canva,N,,,,,71,74016,https://www.onetonline.org/link/demand/27-4032.00,https://www.onetonline.org/link/summary/27-4032.00#TechnologySkills,"O*NET OnLine 'Site updated August 25, 2026'; occupation pages 'Updated 2026'; Lightcast US postings Jan 1-Dec 31 2025 (46,885,153 unique postings)",2026-10-02
27-4032.00,Employer-Based In Demand Software Skills 27-4032.00 - Film and Video Editors,Figma,N,,,,,86,59256,https://www.onetonline.org/link/demand/27-4032.00,https://www.onetonline.org/link/summary/27-4032.00#TechnologySkills,"O*NET OnLine 'Site updated August 25, 2026'; occupation pages 'Updated 2026'; Lightcast US postings Jan 1-Dec 31 2025 (46,885,153 unique postings)",2026-10-02
11-2021.00,Employer-Based In Demand Software Skills 11-2021.00 - Marketing Managers,Adobe Photoshop,N,,,,,47,112439,https://www.onetonline.org/link/demand/11-2021.00,https://www.onetonline.org/link/summary/11-2021.00#TechnologySkills,"O*NET OnLine 'Site updated August 25, 2026'; occupation pages 'Updated 2026'; Lightcast US postings Jan 1-Dec 31 2025 (46,885,153 unique postings)",2026-10-02
11-2021.00,Employer-Based In Demand Software Skills 11-2021.00 - Marketing Managers,Adobe Illustrator,Y,Graphics or photo imaging software,Y,N,,66,85736,https://www.onetonline.org/link/demand/11-2021.00,https://www.onetonline.org/link/summary/11-2021.00#TechnologySkills,"O*NET OnLine 'Site updated August 25, 2026'; occupation pages 'Updated 2026'; Lightcast US postings Jan 1-Dec 31 2025 (46,885,153 unique postings)",2026-10-02
11-2021.00,Employer-Based In Demand Software Skills 11-2021.00 - Marketing Managers,Adobe InDesign,Y,Desktop publishing software,Y,N,,77,69049,https://www.onetonline.org/link/demand/11-2021.00,https://www.onetonline.org/link/summary/11-2021.00#TechnologySkills,"O*NET OnLine 'Site updated August 25, 2026'; occupation pages 'Updated 2026'; Lightcast US postings Jan 1-Dec 31 2025 (46,885,153 unique postings)",2026-10-02
11-2021.00,Employer-Based In Demand Software Skills 11-2021.00 - Marketing Managers,Adobe Premiere Pro,N,,,,,,,https://www.onetonline.org/link/demand/11-2021.00,https://www.onetonline.org/link/summary/11-2021.00#TechnologySkills,"O*NET OnLine 'Site updated August 25, 2026'; occupation pages 'Updated 2026'; Lightcast US postings Jan 1-Dec 31 2025 (46,885,153 unique postings)",2026-10-02
11-2021.00,Employer-Based In Demand Software Skills 11-2021.00 - Marketing Managers,Adobe After Effects,Y,Video creation and editing software,Y,N,,151,24227,https://www.onetonline.org/link/demand/11-2021.00,https://www.onetonline.org/link/summary/11-2021.00#TechnologySkills,"O*NET OnLine 'Site updated August 25, 2026'; occupation pages 'Updated 2026'; Lightcast US postings Jan 1-Dec 31 2025 (46,885,153 unique postings)",2026-10-02
11-2021.00,Employer-Based In Demand Software Skills 11-2021.00 - Marketing Managers,Adobe Acrobat,Y,Document management software,Y,N,,134,30431,https://www.onetonline.org/link/demand/11-2021.00,https://www.onetonline.org/link/summary/11-2021.00#TechnologySkills,"O*NET OnLine 'Site updated August 25, 2026'; occupation pages 'Updated 2026'; Lightcast US postings Jan 1-Dec 31 2025 (46,885,153 unique postings)",2026-10-02
11-2021.00,Employer-Based In Demand Software Skills 11-2021.00 - Marketing Managers,Adobe Creative Cloud software,Y,Graphics or photo imaging software,Y,N,,50,102109,https://www.onetonline.org/link/demand/11-2021.00,https://www.onetonline.org/link/summary/11-2021.00#TechnologySkills,"O*NET OnLine 'Site updated August 25, 2026'; occupation pages 'Updated 2026'; Lightcast US postings Jan 1-Dec 31 2025 (46,885,153 unique postings)",2026-10-02
11-2021.00,Employer-Based In Demand Software Skills 11-2021.00 - Marketing Managers,Canva,Y,Graphics or photo imaging software,Y,N,,71,74016,https://www.onetonline.org/link/demand/11-2021.00,https://www.onetonline.org/link/summary/11-2021.00#TechnologySkills,"O*NET OnLine 'Site updated August 25, 2026'; occupation pages 'Updated 2026'; Lightcast US postings Jan 1-Dec 31 2025 (46,885,153 unique postings)",2026-10-02
11-2021.00,Employer-Based In Demand Software Skills 11-2021.00 - Marketing Managers,Figma,Y,Graphical user interface development software,Y,N,,86,59256,https://www.onetonline.org/link/demand/11-2021.00,https://www.onetonline.org/link/summary/11-2021.00#TechnologySkills,"O*NET OnLine 'Site updated August 25, 2026'; occupation pages 'Updated 2026'; Lightcast US postings Jan 1-Dec 31 2025 (46,885,153 unique postings)",2026-10-02
13-1161.00,Employer-Based In Demand Software Skills 13-1161.00 - Market Research Analysts and Marketing Specialists,Adobe Photoshop,Y,Graphics or photo imaging software,Y,N,,47,112439,https://www.onetonline.org/link/demand/13-1161.00,https://www.onetonline.org/link/summary/13-1161.00#TechnologySkills,"O*NET OnLine 'Site updated August 25, 2026'; occupation pages 'Updated 2026'; Lightcast US postings Jan 1-Dec 31 2025 (46,885,153 unique postings)",2026-10-02
13-1161.00,Employer-Based In Demand Software Skills 13-1161.00 - Market Research Analysts and Marketing Specialists,Adobe Illustrator,Y,Graphics or photo imaging software,Y,N,,66,85736,https://www.onetonline.org/link/demand/13-1161.00,https://www.onetonline.org/link/summary/13-1161.00#TechnologySkills,"O*NET OnLine 'Site updated August 25, 2026'; occupation pages 'Updated 2026'; Lightcast US postings Jan 1-Dec 31 2025 (46,885,153 unique postings)",2026-10-02
13-1161.00,Employer-Based In Demand Software Skills 13-1161.00 - Market Research Analysts and Marketing Specialists,Adobe InDesign,Y,Desktop publishing software,Y,N,,77,69049,https://www.onetonline.org/link/demand/13-1161.00,https://www.onetonline.org/link/summary/13-1161.00#TechnologySkills,"O*NET OnLine 'Site updated August 25, 2026'; occupation pages 'Updated 2026'; Lightcast US postings Jan 1-Dec 31 2025 (46,885,153 unique postings)",2026-10-02
13-1161.00,Employer-Based In Demand Software Skills 13-1161.00 - Market Research Analysts and Marketing Specialists,Adobe Premiere Pro,N,,,,,,,https://www.onetonline.org/link/demand/13-1161.00,https://www.onetonline.org/link/summary/13-1161.00#TechnologySkills,"O*NET OnLine 'Site updated August 25, 2026'; occupation pages 'Updated 2026'; Lightcast US postings Jan 1-Dec 31 2025 (46,885,153 unique postings)",2026-10-02
13-1161.00,Employer-Based In Demand Software Skills 13-1161.00 - Market Research Analysts and Marketing Specialists,Adobe After Effects,Y,Video creation and editing software,Y,N,,151,24227,https://www.onetonline.org/link/demand/13-1161.00,https://www.onetonline.org/link/summary/13-1161.00#TechnologySkills,"O*NET OnLine 'Site updated August 25, 2026'; occupation pages 'Updated 2026'; Lightcast US postings Jan 1-Dec 31 2025 (46,885,153 unique postings)",2026-10-02
13-1161.00,Employer-Based In Demand Software Skills 13-1161.00 - Market Research Analysts and Marketing Specialists,Adobe Acrobat,Y,Document management software,Y,N,,134,30431,https://www.onetonline.org/link/demand/13-1161.00,https://www.onetonline.org/link/summary/13-1161.00#TechnologySkills,"O*NET OnLine 'Site updated August 25, 2026'; occupation pages 'Updated 2026'; Lightcast US postings Jan 1-Dec 31 2025 (46,885,153 unique postings)",2026-10-02
13-1161.00,Employer-Based In Demand Software Skills 13-1161.00 - Market Research Analysts and Marketing Specialists,Adobe Creative Cloud software,Y,Graphics or photo imaging software,Y,Y,In Demand5,50,102109,https://www.onetonline.org/link/demand/13-1161.00,https://www.onetonline.org/link/summary/13-1161.00#TechnologySkills,"O*NET OnLine 'Site updated August 25, 2026'; occupation pages 'Updated 2026'; Lightcast US postings Jan 1-Dec 31 2025 (46,885,153 unique postings)",2026-10-02
13-1161.00,Employer-Based In Demand Software Skills 13-1161.00 - Market Research Analysts and Marketing Specialists,Canva,Y,Graphics or photo imaging software,Y,Y,In Demand6,71,74016,https://www.onetonline.org/link/demand/13-1161.00,https://www.onetonline.org/link/summary/13-1161.00#TechnologySkills,"O*NET OnLine 'Site updated August 25, 2026'; occupation pages 'Updated 2026'; Lightcast US postings Jan 1-Dec 31 2025 (46,885,153 unique postings)",2026-10-02
13-1161.00,Employer-Based In Demand Software Skills 13-1161.00 - Market Research Analysts and Marketing Specialists,Figma,N,,,,,86,59256,https://www.onetonline.org/link/demand/13-1161.00,https://www.onetonline.org/link/summary/13-1161.00#TechnologySkills,"O*NET OnLine 'Site updated August 25, 2026'; occupation pages 'Updated 2026'; Lightcast US postings Jan 1-Dec 31 2025 (46,885,153 unique postings)",2026-10-02
