company,metric,period,value,source_doc,url,verified,source_type
Adobe,Adobe Stock book of business,Q1 FY26 (Feb-2026),~$450M ARR,"Shantanu Narayen, Q1 FY26 call p.14",https://www.adobe.com/cc-shared/assets/investor-relations/pdfs/adbe-q1fy26-transcript.pdf,Y,company
Adobe,Stock drag on total ARR growth,Q1 FY26,ex-Stock growth ~11.2% vs 10.9% reported (0.3 pt); implies Stock ARR down ~$20M YoY (~4%; 2-8% given rounding),derived from call statement; see methods.md,https://www.adobe.com/cc-shared/assets/investor-relations/pdfs/adbe-q1fy26-transcript.pdf,Y,company/derived
Adobe,Stock commentary,Q1 FY26,"'our traditional Stock business saw a steeper decline than we expected'; 'greater-than-anticipated decline in our traditional, standalone stock book of business'",Narayen / Durn prepared remarks,https://www.adobe.com/cc-shared/assets/investor-relations/pdfs/adbe-q1fy26-transcript.pdf,Y,company
Adobe,Stock commentary,"Q2 FY26, Q3 FY26",No Stock update on either call (term absent from transcripts),transcripts grep,https://www.adobe.com/cc-shared/assets/investor-relations/pdfs/adbe-q3fy26-transcript.pdf,Y,company
Shutterstock,Content revenue,FY2023/FY2024/FY2025,"$737.3M / $760.0M / $786.7M (+3%, +4%; +2% cc in 2025, growth from Envato acquisition Jul-2024)",10-K FY2025,https://www.sec.gov/Archives/edgar/data/1549346/000154934626000008/sstk-20251231.htm,Y,peer
Shutterstock,"Data, Distribution & Services revenue (incl. AI training-data licensing)",FY2023/FY2024/FY2025,"$137.3M / $175.3M / $203.3M (+28%, +16%); 'increased demand for access to our metadata for machine learning and generative artificial intelligence model training'",10-K FY2025,https://www.sec.gov/Archives/edgar/data/1549346/000154934626000008/sstk-20251231.htm,Y,peer
Shutterstock,Subscribers / paid downloads,end-2024 vs end-2025,"1,088,000 -> 1,032,000 (-5%); paid downloads 456.7M -> 453.1M; subscriber revenue $452.6M -> $429.8M (-5%)",10-K FY2025 key operating metrics,https://www.sec.gov/Archives/edgar/data/1549346/000154934626000008/sstk-20251231.htm,Y,peer
Shutterstock,Content revenue Q2 2026,Q2 2026 vs Q2 2025,"$165.7M vs $199.8M, -17% (-16% cc), 'driven primarily by weakness in new customer acquisition'; H1 $343.8M vs $402.7M (-15%)",10-Q Q2 2026,https://www.sec.gov/Archives/edgar/data/1549346/000154934626000029/sstk-20260630.htm,Y,peer
Shutterstock,"Data, Distribution & Services Q2 2026",Q2 2026 vs Q2 2025,"$56.1M vs $67.2M, -16% (-19% cc); data offering -11%; H1 $77.2M vs $106.9M (-28%)",10-Q Q2 2026,https://www.sec.gov/Archives/edgar/data/1549346/000154934626000029/sstk-20260630.htm,Y,peer
Shutterstock,Subscribers / paid downloads Q2 2026,Jun-2026 vs Jun-2025,"951,000 vs 1,073,000 (-11%); paid downloads Q2 98.7M vs 112.6M (-12%); H1 202.8M vs 233.5M (-13%)",10-Q Q2 2026,https://www.sec.gov/Archives/edgar/data/1549346/000154934626000029/sstk-20260630.htm,Y,peer
Getty Images,Creative revenue,FY2023/FY2024/FY2025,"$578.7M / $552.8M / $556.9M (-4.5%, +0.7%; +0.2% cc 2025); iStock annual subscriptions -$7.8M in 2025",10-K FY2025,https://www.sec.gov/Archives/edgar/data/1898496/000162828026018160/gety-20251231.htm,Y,peer
Getty Images,Total revenue / annual subscriptions share,FY2024/FY2025,$939.3M / $981.3M (+4.5%); annual subscriptions ~54% of revenue,10-K FY2025,https://www.sec.gov/Archives/edgar/data/1898496/000162828026018160/gety-20251231.htm,Y,peer
Getty Images,KPIs,LTM Dec-2023/2024/2025,active annual subscribers (k) 236/314/278; purchasing customers (k) 799/717/689; paid downloads (M) 95/93/92; subscriber retention 92.4%/92.9%/89.9%,10-K FY2025,https://www.sec.gov/Archives/edgar/data/1898496/000162828026018160/gety-20251231.htm,Y,peer
Getty Images,Other revenue (incl. data access and licensing to AI developers),FY2023/FY2024/FY2025,"$17.2M / $40.5M / $54.8M (+136%, +35%); 'Other revenue includes music licensing, digital asset management and distribution services, print sales, and data access and licensing revenues'",10-K FY2025,https://www.sec.gov/Archives/edgar/data/1898496/000162828026018160/gety-20251231.htm,Y,peer
Getty Images,Creative revenue Q2 2026,Q2 2026 vs Q2 2025,"$127.4M vs $130.8M, -2.6% (-4.3% cc); H1 $253.6M vs $263.0M, -3.6% (-6.2% cc); iStock e-commerce -$12.1M H1",10-Q Q2 2026,https://www.sec.gov/Archives/edgar/data/1898496/000162828026055246/gety-20260630.htm,Y,peer
Getty Images,Other revenue (data/AI licensing) Q2 2026,Q2 2026 vs Q2 2025,"$5.2M vs $15.7M, -67%; H1 $13.9M vs $25.0M, -45%; 'fewer higher-value agreements recognized'",10-Q Q2 2026,https://www.sec.gov/Archives/edgar/data/1898496/000162828026055246/gety-20260630.htm,Y,peer
Getty Images,KPIs Q2 2026,LTM Jun-2026 vs Jun-2025,active annual subscribers 240k vs 321k (-25.2%); purchasing customers 636k vs 707k (-10.0%); paid downloads 90M vs 93M (-2.8%); retention 88.4% vs 93.4% (-500 bps),10-Q Q2 2026,https://www.sec.gov/Archives/edgar/data/1898496/000162828026055246/gety-20260630.htm,Y,peer
Getty/Shutterstock,Merger status,announced 2025-01-06; terminated 2026-07-07,"Getty terminated the Merger Agreement by written notice on July 7, 2026 after declining a CMA-required divestiture of Shutterstock's editorial business; DOJ had cleared without conditions (Feb-2026)",Getty 8-K (Item 1.02) filed 2026-07-07 (amended),https://www.sec.gov/Archives/edgar/data/1898496/000121390026076004/ea0297316-8ka1_getty.htm,Y,peer
