claim,value,url,date_accessed,notes
"FY23_Q1 full earnings-call transcript (analyst questions, management text)",full text,https://raw.githubusercontent.com/mustafaazad03/vectorsearch/main/src/data/ADBE_transcripts/20230315%20Adobe%20Inc.%2C%20Q1%202023%20Earnings%20Call%2C%20Mar%2015%2C%202023.txt,2026-10-02,"GitHub mirror of third-party transcript (CapIQ layout for FY23-FY24Q2, Motley-Fool-style for FY24Q3-FY25Q1/FY26Q1); downloaded via raw.githubusercontent.com; saved in data/transcripts/"
"FY23_Q2 full earnings-call transcript (analyst questions, management text)",full text,https://raw.githubusercontent.com/mustafaazad03/vectorsearch/main/src/data/ADBE_transcripts/20230615%20Adobe%20Inc.%2C%20Q2%202023%20Earnings%20Call%2C%20Jun%2015%2C%202023.txt,2026-10-02,"GitHub mirror of third-party transcript (CapIQ layout for FY23-FY24Q2, Motley-Fool-style for FY24Q3-FY25Q1/FY26Q1); downloaded via raw.githubusercontent.com; saved in data/transcripts/"
"FY23_Q3 full earnings-call transcript (analyst questions, management text)",full text,https://raw.githubusercontent.com/mustafaazad03/vectorsearch/main/src/data/ADBE_transcripts/20230914%20Adobe%20Inc.%2C%20Q3%202023%20Earnings%20Call%2C%20Sep%2014%2C%202023.txt,2026-10-02,"GitHub mirror of third-party transcript (CapIQ layout for FY23-FY24Q2, Motley-Fool-style for FY24Q3-FY25Q1/FY26Q1); downloaded via raw.githubusercontent.com; saved in data/transcripts/"
"FY23_Q4 full earnings-call transcript (analyst questions, management text)",full text,https://raw.githubusercontent.com/mustafaazad03/vectorsearch/main/src/data/ADBE_transcripts/20231213%20Adobe%20Inc.%2C%20Q4%202023%20Earnings%20Call%2C%20Dec%2013%2C%202023.txt,2026-10-02,"GitHub mirror of third-party transcript (CapIQ layout for FY23-FY24Q2, Motley-Fool-style for FY24Q3-FY25Q1/FY26Q1); downloaded via raw.githubusercontent.com; saved in data/transcripts/"
"FY24_Q1 full earnings-call transcript (analyst questions, management text)",full text,https://raw.githubusercontent.com/mustafaazad03/vectorsearch/main/src/data/ADBE_transcripts/20240314%20Adobe%20Inc.%2C%20Q1%202024%20Earnings%20Call%2C%20Mar%2014%2C%202024.txt,2026-10-02,"GitHub mirror of third-party transcript (CapIQ layout for FY23-FY24Q2, Motley-Fool-style for FY24Q3-FY25Q1/FY26Q1); downloaded via raw.githubusercontent.com; saved in data/transcripts/"
"FY24_Q2 full earnings-call transcript (analyst questions, management text)",full text,https://raw.githubusercontent.com/mustafaazad03/vectorsearch/main/src/data/ADBE_transcripts/20240613%20Adobe%20Inc.%2C%20Q2%202024%20Earnings%20Call%2C%20Jun%2013%2C%202024.txt,2026-10-02,"GitHub mirror of third-party transcript (CapIQ layout for FY23-FY24Q2, Motley-Fool-style for FY24Q3-FY25Q1/FY26Q1); downloaded via raw.githubusercontent.com; saved in data/transcripts/"
"FY24_Q3 full earnings-call transcript (analyst questions, management text)",full text,https://raw.githubusercontent.com/Ngafney/garda-spring26/main/amir/transcripts/adobe/2024/Q3/ADBE_2024-10-10_Q3.txt,2026-10-02,"GitHub mirror of third-party transcript (CapIQ layout for FY23-FY24Q2, Motley-Fool-style for FY24Q3-FY25Q1/FY26Q1); downloaded via raw.githubusercontent.com; saved in data/transcripts/"
"FY24_Q4 full earnings-call transcript (analyst questions, management text)",full text,https://raw.githubusercontent.com/Ngafney/garda-spring26/main/amir/transcripts/adobe/2024/Q4/ADBE_2024-12-12_Q4.txt,2026-10-02,"GitHub mirror of third-party transcript (CapIQ layout for FY23-FY24Q2, Motley-Fool-style for FY24Q3-FY25Q1/FY26Q1); downloaded via raw.githubusercontent.com; saved in data/transcripts/"
"FY25_Q1 full earnings-call transcript (analyst questions, management text)",full text,https://raw.githubusercontent.com/Ngafney/garda-spring26/main/amir/transcripts/adobe/2025/Q1/ADBE_2025-03-13_Q1.txt,2026-10-02,"GitHub mirror of third-party transcript (CapIQ layout for FY23-FY24Q2, Motley-Fool-style for FY24Q3-FY25Q1/FY26Q1); downloaded via raw.githubusercontent.com; saved in data/transcripts/"
"FY26_Q1 full earnings-call transcript (analyst questions, management text)",full text,https://raw.githubusercontent.com/Ngafney/garda-spring26/main/amir/transcripts/adobe/2026/Q1/ADBE_2026-03-13_Q1.txt,2026-10-02,"GitHub mirror of third-party transcript (CapIQ layout for FY23-FY24Q2, Motley-Fool-style for FY24Q3-FY25Q1/FY26Q1); downloaded via raw.githubusercontent.com; saved in data/transcripts/"
FY25_Q3 full transcript,full text,https://raw.githubusercontent.com/bencrowe0/citibank-arp/master/outputs/p2_adobe_ext2026_08_13/extracted/ADBE_FQ3_2025.txt,2026-10-02,GitHub mirror; file bundles Adobe press release + Insider Monkey transcript as one line
FY26_Q2 transcript (Q&A only; prepared remarks missing in source),Q&A text,https://raw.githubusercontent.com/bencrowe0/citibank-arp/master/outputs/p2_adobe_ext2026_08_13/extracted/ADBE_FQ2_2026.txt,2026-10-02,GitHub mirror of Insider Monkey transcript; press release bundled at top
FY25_Q4 full transcript (structured LSEG JSON),full text,https://raw.githubusercontent.com/yurukatsu/lseg-transcript-web/master/data/transcripts/16547194.json,2026-10-02,"GitHub mirror of LSEG transcript JSON event 16547194 (Q4 2025 Adobe Inc Earnings Call, 2025-12-10)"
FY25_Q4 / FY26_Q1 cross-check copies,full text,https://raw.githubusercontent.com/Ngafney/garda-spring26/main/amir/transcripts/adobe/2025/Q4/ADBE_2025-12-10_Q4.txt ; https://raw.githubusercontent.com/bencrowe0/citibank-arp/master/outputs/p2_adobe_ext2026_08_13/extracted/ADBE_FQ1_2026.txt,2026-10-02,used only to cross-check speaker lists
ADBE daily closes 2019-01-02..2026-07-30 (used for 14 call dates),CSV,https://raw.githubusercontent.com/fja05680/brownbear/master/symbol-cache/ADBE.csv,2026-10-02,yfinance-derived OHLC in public GitHub repo fja05680/brownbear; closes identical to rosidotidev/algo1 db/tickers/ADBE.csv on overlapping dates
ADBE close 2026-09-11 (next trading day after FY26 Q3 call),$252.23,https://www.ad-hoc-news.de/boerse/news/corporate-news/adobe-inc-stock-gains-after-record-q3-and-raised-2026-guidance/70110548,2026-10-02,"retrieved via WebSearch snippet; page not fetchable from this environment; single source, UNVERIFIED; price CSV ends 2026-07-30"
FY23 non-GAAP EPS target after Q1 FY23 call,$15.30-15.60,https://www.sec.gov/Archives/edgar/data/796343/000079634323000044/adbeex991q123.htm,2026-10-02,read from CFO prepared remarks in transcript; 8-K ex99.1 URL for reference (sec.gov not fetchable)
FY23 non-GAAP EPS target after Q2 FY23 call,$15.65-15.75,https://www.sec.gov/Archives/edgar/data/796343/000079634323000133/adbeex991q223.htm,2026-10-02,transcript
FY23 non-GAAP EPS implied after Q3 FY23 call,$15.90-15.95 (9M actual 11.80 + Q4 target 4.10-4.15),https://www.sec.gov/Archives/edgar/data/796343/000079634323000198/adbeex991q323.htm,2026-10-02,FY range not restated in call text; implied
"FY24 initial non-GAAP EPS target (Q4 FY23 call, Dec-2023)",$17.60-18.00,https://www.sec.gov/Archives/edgar/data/796343/000079634323000252/adbeex991q423.htm,2026-10-02,transcript; matches orchestrator anchor
FY24 non-GAAP EPS target after Q1 FY24 call,$17.60-18.00 (carried; not updated on call),https://www.sec.gov/Archives/edgar/data/796343/000079634324000057/adbeex991q124.htm,2026-10-02,analyst asked management to affirm (Q&A #3)
FY24 non-GAAP EPS target after Q2 FY24 call,$18.00-18.20,https://www.sec.gov/Archives/edgar/data/796343/000079634324000140/adbeex991q224.htm,2026-10-02,transcript
FY24 non-GAAP EPS implied after Q3 FY24 call,$18.24-18.29 (9M actual 13.61 + Q4 target 4.63-4.68),https://www.sec.gov/Archives/edgar/data/796343/000079634324000200/adbeex991q324.htm,2026-10-02,implied
"FY25 initial non-GAAP EPS target (Q4 FY24 call, Dec-2024)",$20.20-20.50,https://www.sec.gov/Archives/edgar/data/796343/000079634324000250/adbeex991q424.htm,2026-10-02,transcript; matches orchestrator anchor
FY25 non-GAAP EPS target after Q1 FY25 call,$20.20-20.50 (reaffirmed),https://www.sec.gov/Archives/edgar/data/796343/000079634325000052/adbeex991q125.htm,2026-10-02,transcript: 'reaffirm our fiscal 25 targets'
FY25 non-GAAP EPS target after Q2 FY25 call,$20.50-20.70,https://www.sec.gov/Archives/edgar/data/796343/000079634325000064/adbeex991q225.htm,2026-10-02,retrieved via WebSearch snippet; page not fetchable from this environment
FY25 non-GAAP EPS target after Q3 FY25 call,$20.80-20.85,https://www.sec.gov/Archives/edgar/data/796343/000079634325000102/adbeex991q325.htm,2026-10-02,transcript
"FY26 initial non-GAAP EPS target (Q4 FY25 call, Dec-2025)",$23.30-23.50,https://www.sec.gov/Archives/edgar/data/796343/000079634325000135/adbeex991q425.htm,2026-10-02,transcript
FY26 non-GAAP EPS target after Q1 FY26 call,$23.30-23.50 (reaffirmed),https://www.sec.gov/Archives/edgar/data/796343/000079634326000048/adbeex991q126.htm,2026-10-02,transcript: 'reaffirming our FY 26 targets'
FY26 non-GAAP EPS target after Q2 FY26 call,$24.35-24.45,https://www.sec.gov/Archives/edgar/data/0000796343/000079634326000109/adbeex991q226.htm,2026-10-02,press-release text bundled in transcript file + WebSearch snippet
FY26 non-GAAP EPS target after Q3 FY26 call,$24.45-24.50,https://www.sec.gov/Archives/edgar/data/0000796343/000079634326000147/adbeex991q326.htm,2026-10-02,retrieved via WebSearch snippet; matches orchestrator anchor
Q2 FY25 headline: revenue / non-GAAP EPS,$5.87B / $5.06,https://www.businesswire.com/news/home/20250612259889/en/Adobe-Reports-Record-Revenue-in-Q2-and-Raises-FY25-Revenue-and-EPS-Targets,2026-10-02,retrieved via WebSearch snippet
Q2 FY26 headline: revenue / non-GAAP EPS,$6.62B / $5.96,https://www.sec.gov/Archives/edgar/data/0000796343/000079634326000109/adbeex991q226.htm,2026-10-02,revenue from bundled press-release text; EPS via WebSearch snippet
Q3 FY26 headline: revenue / non-GAAP EPS / total ARR / AI-first ARR / RPO,$6.76B / $6.13 / $27.50B / >$650M / $22.16B (+8%),https://finance.yahoo.com/markets/stocks/articles/adobe-q3-2026-earnings-1-110958223.html,2026-10-02,retrieved via WebSearch snippet; primary is 8-K ex99.1 adbeex991q326.htm
Q4 FY25 quarterly non-GAAP EPS,$5.49 (derived: FY25 $20.94 minus 9M $15.45),https://www.sec.gov/Archives/edgar/data/796343/000079634325000135/adbeex991q425.htm,2026-10-02,FY figure from press-release text in transcript file
FY25 Q2 call Q&A (partial): Express-in-Acrobat pricing question; Adobe Stock video / commercially-safe question,2 questions recovered,https://markets.financialcontent.com/stocks/article/stockstory-2025-7-7-the-5-most-interesting-analyst-questions-from-adobes-q2-earnings-call,2026-10-02,retrieved via WebSearch snippet; page blocked; partial coverage
"FY25 Q2 call participants confirmed (Zukin, Thill, Vleeschhouwer, Rangan)",names only,https://www.marketscreener.com/quote/stock/ADOBE-INC-4844/news/Transcript-Adobe-Inc-Q2-2025-Earnings-Call-Jun-12-2025-50230016/,2026-10-02,WebSearch snippet; their questions not recovered
FY26 Q3 call Q&A (partial): Zukin/Wolfe pricing-model question; Thill/Jefferies credit consumption; Weiss/MS model integration & ad platforms,3 questions recovered,https://www.investing.com/news/transcripts/earnings-call-transcript-adobe-tops-q3-2026-estimates-but-shares-fall-93CH-4897022,2026-10-02,WebSearch snippet; page blocked; partial coverage
"FY26 Q3 call Q&A (partial): Zelnick/DB freemium conversion (Chakravarthy answer: creative freemium MAU >100M, +70%)",1 question recovered,https://ca.investing.com/news/company-news/adobe-inc-adbe-q3-2026-earnings-call-highlights-record-revenue-1-billion-mau-and--4836069,2026-10-02,GuruFocus highlights via WebSearch snippet
FY26 Q3 call Q&A (partial): RPO +8% single-digit; net new ARR decline attributed to freemium emphasis,2 questions recovered (analysts unnamed),https://finance.yahoo.com/markets/stocks/articles/adobe-q3-2026-earnings-1-110958223.html,2026-10-02,WebSearch snippet
"FY26 Q3 call participants confirmed (Turrin, Kalia, Radke)",names only,https://www.investing.com/news/transcripts/earnings-call-transcript-adobe-tops-q3-2026-estimates-but-shares-fall-93CH-4897022,2026-10-02,WebSearch snippet; questions not recovered
CEO transition announced on FY26 Q1 call (Narayen: 'transitioning from my role as CEO after over 18 years'),2026-03-12,https://raw.githubusercontent.com/Ngafney/garda-spring26/main/amir/transcripts/adobe/2026/Q1/ADBE_2026-03-13_Q1.txt,2026-10-02,transcript
CFO transition (Durn leaving) raised in first question of FY26 Q2 call; Steve Day interim CFO by FY26 Q3,2026-06-11 / 2026-09-10,https://raw.githubusercontent.com/bencrowe0/citibank-arp/master/outputs/p2_adobe_ext2026_08_13/extracted/ADBE_FQ2_2026.txt,2026-10-02,transcript + WebSearch snippet (Investing.com) for interim CFO
Keyword-vs-hand topic agreement,72.2% (37 overrides / 133 questions),data/analyst_questions.csv,2026-10-02,single rater; all full-text questions reviewed
