entity,metric,period,period_end,value_musd,prior_value_musd,yoy_growth_pct,incremental_musd,annualized_incremental_musd,basis,note
Figma,revenue,FY2023,2023-12-31,504.0,,,,,reported,S-1
Figma,revenue,FY2024,2024-12-31,749.0,504.0,48.6,245.0,245.0,reported,S-1
Figma,revenue,FY2025,2025-12-31,1056.0,749.0,41.0,307.0,307.0,reported,8-K 2026-02-18
Figma,revenue guide (midpoint),FY2026,2026-12-31,1465.0,1056.0,38.7,409.0,409.0,guidance,8-K 2026-08-05 ($1.463-1.467B)
Figma,revenue,Q1 2025,2025-03-31,228.2,156.2,46.1,72.0,288.0,reported,S-1
Figma,revenue,Q2 2025,2025-06-30,249.6,177.0,41.0,72.6,290.4,reported; prior derived,prior = 249.6/1.41
Figma,revenue,Q3 2025,2025-09-30,274.2,198.7,38.0,75.5,302.0,reported; prior derived,prior = 274.2/1.38
Figma,revenue,Q4 2025,2025-12-31,303.8,217.0,40.0,86.8,347.2,reported; prior derived,prior = 303.8/1.40
Figma,revenue,Q1 2026,2026-03-31,333.4,228.2,46.1,105.2,420.8,reported,8-K 2026-05-14
Figma,revenue,Q2 2026,2026-06-30,370.1,249.6,48.3,120.5,482.0,reported,8-K 2026-08-05 (LATEST)
Canva,ARR,CY2023,2023-12-31,1700.0,,,,,ESTIMATE (Sacra),private company
Canva,ARR,CY2024,2024-12-31,2800.0,1700.0,64.7,1100.0,1100.0,ESTIMATE (Sacra),company-stated figures in H2-2024 were $2.3-2.55B so 2024 growth is uncertain (roughly 35-65%)
Canva,ARR,CY2025,2025-12-31,4000.0,2800.0,42.9,1200.0,1200.0,company-stated end value; Sacra YoY,$4B incl. ~$500M from >25-seat business customers
Canva,ARR 2-yr CAGR,CY2023-CY2025,2025-12-31,4000.0,1700.0,53.4,,,mixed,(4000/1700)^0.5 - 1
Canva,revenue,Q2 2026,2026-06-30,921.9,736.3,25.2,185.6,742.4,reported via press; prior derived,prior = 921.9/1.252; Q2-2026 investor update as reported Aug 2026 (LATEST)
Canva,revenue growth guide,CY2026,2026-12-31,,,20.0,,,guidance (reported),cut from 30% in Aug 2026 on AI serving costs
Midjourney,revenue,CY2024,2024-12-31,300.0,200.0,50.0,100.0,100.0,ESTIMATE (Sacra/GetLatka),
Midjourney,revenue,CY2025,2025-12-31,500.0,300.0,66.7,200.0,200.0,ESTIMATE (Sacra/GetLatka),
Adobe,Digital Media revenue,FY2023,2023-12-01,14216.0,,,,,reported,8-K 2023-12-13
Adobe,Digital Media revenue,FY2024,2024-11-29,15860.0,14216.0,11.6,1644.0,1644.0,reported,8-K 2024-12-11 (reported as 12%)
Adobe,Digital Media revenue,FY2025,2025-11-28,17650.0,15860.0,11.3,1790.0,1790.0,reported,8-K 2025-12-10 (reported as 11%)
Adobe,Creative revenue,FY2023,2023-12-01,11520.0,,10.0,,,reported,8-K 2023-12-13
Adobe,Creative revenue,FY2024,2024-11-29,12680.0,11520.0,10.1,1160.0,1160.0,derived (DM minus DC),Q4 FY24 Creative $3.30B +10%
Adobe,Creative revenue,FY2025,2025-11-28,,,,,,UNAVAILABLE,Adobe no longer discloses Creative vs Document Cloud revenue split (customer-group reporting from FY25)
Adobe,Document Cloud revenue,FY2023,2023-12-01,2700.0,,13.0,,,reported,8-K 2023-12-13
Adobe,Document Cloud revenue,FY2024,2024-11-29,3180.0,2700.0,17.8,480.0,480.0,reported,8-K 2024-12-11 (reported as 18%)
Adobe,Document Cloud revenue,FY2025,2025-11-28,,,,,,UNAVAILABLE,see Creative FY2025 note
Adobe,total revenue,FY2023,2023-12-01,19410.0,,,,,reported,
Adobe,total revenue,FY2024,2024-11-29,21510.0,19410.0,10.8,2100.0,2100.0,reported,reported as 11%
Adobe,total revenue,FY2025,2025-11-28,23770.0,21510.0,10.5,2260.0,2260.0,reported,reported as 11%
Adobe,total revenue guide (midpoint),FY2026,2026-11-27,26000.0,23770.0,9.4,2230.0,2230.0,guidance,$25.9-26.1B given 2025-12-10
Adobe,C&MP subscription revenue,FY2025,2025-11-28,,,,,,UNAVAILABLE,full-year FY25 customer-group totals not surfaced by WebSearch; Q4 FY25 quarter used instead
Adobe,C&MP subscription revenue,Q4 FY2025,2025-11-28,4250.0,,11.0,,,reported,8-K 2025-12-10
Adobe,BP&C subscription revenue,Q4 FY2025,2025-11-28,1700.0,,15.0,,,reported,8-K 2025-12-10
Adobe,C&MP subscription revenue,Q3 FY2026,2026-08-28,4651.0,4117.0,13.0,534.0,2136.0,reported (10-Q),orchestrator starting facts; +12% cc (LATEST)
Adobe,BP&C subscription revenue,Q3 FY2026,2026-08-28,1905.0,1648.0,15.6,257.0,1028.0,reported (10-Q),orchestrator starting facts; +15% cc (LATEST)
Adobe,total revenue,Q3 FY2026,2026-08-28,6760.0,5988.0,12.9,772.0,3088.0,reported (10-Q),prior derived = 6760/1.129 (LATEST)
Adobe,total ending ARR,Q3 FY2026,2026-08-28,27500.0,24730.0,11.2,2770.0,2770.0,reported (10-Q),prior derived = 27500/1.112; FY26 ARR definition includes Experience Cloud + Semrush
Adobe,C&MP subscription revenue guide (midpoint),FY2026,2026-11-27,18257.0,,,,,guidance,$18.242-18.272B
Adobe,BP&C subscription revenue guide (midpoint),FY2026,2026-11-27,7480.0,,,,,guidance,$7.47-7.49B
