stage,n_tasks,stage_weight_share,share_highly_exposed_human,share_highly_exposed_gpt4,share_E1_direct_human,share_E1_direct_gpt4,mean_beta_human,mean_beta_gpt4,share_highly_exposed_avg,mean_beta_avg,scheme,monetization_primary
ideation/concepting,10,0.0543,1.0,1.0,0.0221,0.0221,0.511,0.511,1.0,0.511,all6_emp_coreweight,seat
asset generation,13,0.0499,0.988,1.0,0.0,0.0,0.494,0.5,0.994,0.497,all6_emp_coreweight,seat
editing/retouching/compositing,16,0.0159,0.8873,1.0,0.1127,0.0751,0.5,0.5376,0.9437,0.5188,all6_emp_coreweight,seat
layout/design,4,0.0254,0.5593,1.0,0.0,0.0,0.2797,0.5,0.7797,0.3898,all6_emp_coreweight,seat
versioning/resizing/localization,4,0.0131,0.0851,1.0,0.0,0.0,0.0426,0.5,0.5426,0.2713,all6_emp_coreweight,usage
brand compliance/review/approval,7,0.0253,0.6667,0.9763,0.0,0.0882,0.3333,0.5323,0.8215,0.4328,all6_emp_coreweight,enterprise platform
client/stakeholder communication,6,0.0191,1.0,0.8518,0.0,0.0,0.5,0.4259,0.9259,0.463,all6_emp_coreweight,none/competitor
asset management/distribution,3,0.0132,1.0,1.0,0.0596,0.0596,0.5298,0.5298,1.0,0.5298,all6_emp_coreweight,enterprise platform
other: marketing analytics & insight,16,0.5928,0.9274,1.0,0.2177,0.0,0.5726,0.5,0.9637,0.5363,all6_emp_coreweight,enterprise platform
other: marketing strategy & planning,13,0.1272,1.0,1.0,0.2632,0.1053,0.6316,0.5526,1.0,0.5921,all6_emp_coreweight,none/competitor
other: management/admin/physical,10,0.0638,0.6891,0.7901,0.2448,0.0,0.467,0.3951,0.7396,0.431,all6_emp_coreweight,none/competitor
ideation/concepting,10,0.0494,1.0,1.0,0.019,0.019,0.5095,0.5095,1.0,0.5095,all6_emp_weighted,seat
asset generation,13,0.05,0.9813,1.0,0.0,0.0,0.4906,0.5,0.9906,0.4953,all6_emp_weighted,seat
editing/retouching/compositing,16,0.0152,0.8765,1.0,0.1852,0.0617,0.5309,0.5309,0.9383,0.5309,all6_emp_weighted,seat
layout/design,4,0.0228,0.5691,1.0,0.0,0.0,0.2845,0.5,0.7845,0.3923,all6_emp_weighted,seat
versioning/resizing/localization,4,0.0228,0.0889,1.0,0.0,0.0,0.0444,0.5,0.5444,0.2722,all6_emp_weighted,usage
brand compliance/review/approval,7,0.0275,0.5367,0.966,0.0,0.0734,0.2683,0.5197,0.7513,0.394,all6_emp_weighted,enterprise platform
client/stakeholder communication,6,0.0177,1.0,0.8332,0.0,0.0,0.5,0.4166,0.9166,0.4583,all6_emp_weighted,none/competitor
asset management/distribution,3,0.0119,1.0,1.0,0.0946,0.0946,0.5473,0.5473,1.0,0.5473,all6_emp_weighted,enterprise platform
other: marketing analytics & insight,16,0.5914,0.9273,1.0,0.2182,0.0,0.5727,0.5,0.9636,0.5364,all6_emp_weighted,enterprise platform
other: marketing strategy & planning,13,0.1393,1.0,1.0,0.3077,0.0769,0.6538,0.5385,1.0,0.5962,all6_emp_weighted,none/competitor
other: management/admin/physical,10,0.0521,0.6772,0.7944,0.2444,0.0,0.4608,0.3972,0.7358,0.429,all6_emp_weighted,none/competitor
ideation/concepting,10,0.1025,1.0,1.0,0.0707,0.0707,0.5354,0.5354,1.0,0.5354,all6_equal_occ,seat
asset generation,13,0.1427,0.9492,1.0,0.0,0.0,0.4746,0.5,0.9746,0.4873,all6_equal_occ,seat
editing/retouching/compositing,16,0.1206,0.8798,1.0,0.1803,0.0601,0.53,0.53,0.9399,0.53,all6_equal_occ,seat
layout/design,4,0.0432,0.7586,1.0,0.0,0.0,0.3793,0.5,0.8793,0.4397,all6_equal_occ,seat
versioning/resizing/localization,4,0.0432,0.2414,1.0,0.0,0.0,0.1207,0.5,0.6207,0.3103,all6_equal_occ,usage
brand compliance/review/approval,7,0.0666,0.5782,0.8912,0.0,0.1565,0.2891,0.5238,0.7347,0.4065,all6_equal_occ,enterprise platform
client/stakeholder communication,6,0.0562,1.0,0.6855,0.0,0.0,0.5,0.3427,0.8427,0.4214,all6_equal_occ,none/competitor
asset management/distribution,3,0.0296,1.0,1.0,0.4026,0.4026,0.7013,0.7013,1.0,0.7013,all6_equal_occ,enterprise platform
other: marketing analytics & insight,16,0.1917,0.9331,1.0,0.2007,0.0,0.5669,0.5,0.9666,0.5334,all6_equal_occ,enterprise platform
other: marketing strategy & planning,13,0.1083,1.0,1.0,0.3077,0.0769,0.6538,0.5385,1.0,0.5962,all6_equal_occ,none/competitor
other: management/admin/physical,10,0.0956,0.4948,0.9129,0.196,0.0,0.3454,0.4564,0.7038,0.4009,all6_equal_occ,none/competitor
ideation/concepting,10,0.218,1.0,1.0,0.019,0.019,0.5095,0.5095,1.0,0.5095,creative4_emp_weighted,seat
asset generation,13,0.2209,0.9813,1.0,0.0,0.0,0.4906,0.5,0.9906,0.4953,creative4_emp_weighted,seat
editing/retouching/compositing,16,0.067,0.8765,1.0,0.1852,0.0617,0.5309,0.5309,0.9383,0.5309,creative4_emp_weighted,seat
layout/design,4,0.1005,0.5691,1.0,0.0,0.0,0.2845,0.5,0.7845,0.3923,creative4_emp_weighted,seat
versioning/resizing/localization,4,0.1005,0.0889,1.0,0.0,0.0,0.0444,0.5,0.5444,0.2722,creative4_emp_weighted,usage
brand compliance/review/approval,7,0.1216,0.5367,0.966,0.0,0.0734,0.2683,0.5197,0.7513,0.394,creative4_emp_weighted,enterprise platform
client/stakeholder communication,6,0.0783,1.0,0.8332,0.0,0.0,0.5,0.4166,0.9166,0.4583,creative4_emp_weighted,none/competitor
asset management/distribution,3,0.0524,1.0,1.0,0.0946,0.0946,0.5473,0.5473,1.0,0.5473,creative4_emp_weighted,enterprise platform
other: management/admin/physical,6,0.0408,0.34,1.0,0.2187,0.0,0.2793,0.5,0.67,0.3897,creative4_emp_weighted,none/competitor
ideation/concepting,10,0.1537,1.0,1.0,0.0707,0.0707,0.5354,0.5354,1.0,0.5354,creative4_equal_occ,seat
asset generation,13,0.214,0.9492,1.0,0.0,0.0,0.4746,0.5,0.9746,0.4873,creative4_equal_occ,seat
editing/retouching/compositing,16,0.1809,0.8798,1.0,0.1803,0.0601,0.53,0.53,0.9399,0.53,creative4_equal_occ,seat
layout/design,4,0.0647,0.7586,1.0,0.0,0.0,0.3793,0.5,0.8793,0.4397,creative4_equal_occ,seat
versioning/resizing/localization,4,0.0647,0.2414,1.0,0.0,0.0,0.1207,0.5,0.6207,0.3103,creative4_equal_occ,usage
brand compliance/review/approval,7,0.0999,0.5782,0.8912,0.0,0.1565,0.2891,0.5238,0.7347,0.4065,creative4_equal_occ,enterprise platform
client/stakeholder communication,6,0.0842,1.0,0.6855,0.0,0.0,0.5,0.3427,0.8427,0.4214,creative4_equal_occ,none/competitor
asset management/distribution,3,0.0444,1.0,1.0,0.4026,0.4026,0.7013,0.7013,1.0,0.7013,creative4_equal_occ,enterprise platform
other: management/admin/physical,6,0.0935,0.3583,1.0,0.1672,0.0,0.2627,0.5,0.6791,0.3814,creative4_equal_occ,none/competitor
