quarter,metric,value,lower_bound_flag,quote<25w,url
FY25Q1,acrobat_reader_mau_yoy_growth_pct,23,N,Acrobat and Reader monthly active usage growing 23% year-over-year,https://www.adobe.com/cc-shared/assets/investor-relations/pdfs/adbe-q1fy25-transcript.pdf
FY25Q1,photoshop_genai_mau_share_pct,35,N,Photoshop GenAI monthly active users at approximately 35% and Lightroom GenAI monthly active users at 30%,https://www.adobe.com/cc-shared/assets/investor-relations/pdfs/adbe-q1fy25-transcript.pdf
FY25Q1,lightroom_genai_mau_share_pct,30,N,Lightroom GenAI monthly active users at 30%,https://www.adobe.com/cc-shared/assets/investor-relations/pdfs/adbe-q1fy25-transcript.pdf
FY25Q1,firefly_cumulative_generations_bn,20,Y,Users have generated over 20 billion assets with Firefly,https://www.adobe.com/cc-shared/assets/investor-relations/pdfs/adbe-q1fy25-transcript.pdf
FY25Q1,firefly_generations_per_month_bn,1,Y,We're doing more than 1 billion generations now a month,https://www.adobe.com/cc-shared/assets/investor-relations/pdfs/adbe-q1fy25-transcript.pdf
FY25Q1,photoshop_mobile_web_launch_social_engagements_m,30,N,"We introduced Photoshop Mobile and Web. We saw hundreds of articles, 30 million social engagements",https://www.adobe.com/cc-shared/assets/investor-relations/pdfs/adbe-q1fy25-transcript.pdf
FY25Q1,ai_first_arr_musd,125,Y,new AI-first standalone and add-on innovations exiting the quarter with over $125 million ending ARR book of business,https://www.sec.gov/Archives/edgar/data/796343/000079634325000052/adbeex991q125.htm
FY25Q2,acrobat_express_mau_m,700,Y,combined monthly active user growth accelerating to over 25% year-over-year and crossing 700 million monthly active users,https://www.adobe.com/cc-shared/assets/investor-relations/pdfs/adbe-q2fy25-transcript.pdf
FY25Q2,acrobat_express_mau_yoy_growth_pct,25,Y,monthly active user growth accelerating to over 25% year-over-year,https://www.adobe.com/cc-shared/assets/investor-relations/pdfs/adbe-q2fy25-transcript.pdf
FY25Q2,creative_freemium_mau_m,50,Y,"(disclosed retrospectively, Q2 FY26 call) increased our creative freemium MAU from 50 million to 90 million year-over-year",https://www.adobe.com/cc-shared/assets/investor-relations/pdfs/adbe-q2fy26-transcript.pdf
FY25Q2,firefly_first_time_adobe_subscribers_qoq_growth_pct,30,Y,"Firefly continues to drive new user acquisition, with first-time Adobe subscribers growing more than 30% quarter-over-quarter",https://www.adobe.com/cc-shared/assets/investor-relations/pdfs/adbe-q2fy25-transcript.pdf
FY25Q2,firefly_app_traffic_qoq_growth_pct,30,Y,Traffic to the Firefly App grew over 30% quarter-over-quarter and paid subscriptions nearly doubled in the same period,https://www.adobe.com/cc-shared/assets/investor-relations/pdfs/adbe-q2fy25-transcript.pdf
FY25Q2,firefly_cumulative_generations_bn,24,Y,over 24 billion cumulative generations exiting Q2,https://www.adobe.com/cc-shared/assets/investor-relations/pdfs/adbe-q2fy25-transcript.pdf
FY25Q2,acrobat_ai_assistant_mau_yoy_growth_x,3,Y,AI Assistant MAU in Acrobat and generative AI MAU in Express growing over 3x year-over-year,https://www.adobe.com/cc-shared/assets/investor-relations/pdfs/adbe-q2fy25-transcript.pdf
FY25Q2,express_genai_mau_yoy_growth_x,3,Y,generative AI MAU in Express growing over 3x year-over-year,https://www.adobe.com/cc-shared/assets/investor-relations/pdfs/adbe-q2fy25-transcript.pdf
FY25Q2,express_via_acrobat_mau_yoy_growth_x,11,N,Express creative functionality through Acrobat driving approximately 11 times year-over-year growth of monthly active users,https://www.adobe.com/cc-shared/assets/investor-relations/pdfs/adbe-q2fy25-transcript.pdf
FY25Q2,acrobat_pdf_link_sharing_mau_yoy_growth_pct,20,Y,Acrobat PDF link sharing MAU grew over 20% year-over-year,https://www.adobe.com/cc-shared/assets/investor-relations/pdfs/adbe-q2fy25-transcript.pdf
FY25Q2,express_mau_m_ANALYST_ESTIMATE_not_company,50,N,"(Alex Zukin, Wolfe Research, question) by our math, it looks like Express is now at 50 million MAUs",https://www.adobe.com/cc-shared/assets/investor-relations/pdfs/adbe-q2fy25-transcript.pdf
FY25Q2,ai_first_arr_fy25_exit_target_musd,250,Y,on pace to surpass $250 million in AI-first direct ARR book of business exiting the year,https://www.adobe.com/cc-shared/assets/investor-relations/pdfs/adbe-q2fy25-transcript.pdf
FY25Q3,acrobat_express_mau_yoy_growth_pct,25,N,Acrobat and Express products with combined monthly active users growing approximately 25% year-over-year,https://www.adobe.com/cc-shared/assets/investor-relations/pdfs/adbe-q3fy25-transcript.pdf
FY25Q3,acrobat_ai_assistant_ending_units_qoq_growth_pct,40,Y,ending units for Acrobat AI Assistant grew more than 40% quarter-over-quarter,https://www.adobe.com/cc-shared/assets/investor-relations/pdfs/adbe-q3fy25-transcript.pdf
FY25Q3,acrobat_ai_assistant_engagement_qoq_growth_pct,50,N,"AI Assistant engagement, with conversations and summarizations grew nearly 50% quarter-over-quarter",https://www.adobe.com/cc-shared/assets/investor-relations/pdfs/adbe-q3fy25-transcript.pdf
FY25Q3,firefly_app_mau_qoq_growth_pct,30,N,Firefly App MAU grew 30% quarter-over-quarter,https://www.adobe.com/cc-shared/assets/investor-relations/pdfs/adbe-q3fy25-transcript.pdf
FY25Q3,firefly_app_mobile_downloads_since_launch,,Y,millions of downloads of the Firefly App for mobile since launch (unquantified; 'millions'),https://www.adobe.com/cc-shared/assets/investor-relations/pdfs/adbe-q3fy25-transcript.pdf
FY25Q3,firefly_first_time_adobe_subscribers_qoq_growth_pct,20,N,first time Adobe subscribers through the app growing 20% quarter-over-quarter,https://www.adobe.com/cc-shared/assets/investor-relations/pdfs/adbe-q3fy25-transcript.pdf
FY25Q3,firefly_cumulative_generations_bn,29,N,"generative AI consumption accelerated, with 29 billion generations",https://www.adobe.com/cc-shared/assets/investor-relations/pdfs/adbe-q3fy25-transcript.pdf
FY25Q3,firefly_video_generations_qoq_growth_pct,40,N,video generations growing nearly 40% quarter-over-quarter,https://www.adobe.com/cc-shared/assets/investor-relations/pdfs/adbe-q3fy25-transcript.pdf
FY25Q3,ai_first_arr_musd,250,Y,AI-first ARR already exceeding our $250 million year-end target,https://www.sec.gov/Archives/edgar/data/796343/000079634325000102/adbeex991q325.htm
FY25Q3,ai_influenced_arr_busd,5,Y,AI-influenced ARR surpassing $5 billion,https://www.sec.gov/Archives/edgar/data/796343/000079634325000102/adbeex991q325.htm
FY25Q4,total_mau_yoy_growth_pct,15,Y,achieving total MAU growth of greater than 15% year-over-year,https://www.adobe.com/cc-shared/assets/investor-relations/pdfs/adbe-q4fy25-transcript.pdf
FY25Q4,acrobat_express_mau_m,750,Y,"Monthly active users of Acrobat and Express surpassed 750 million, growing 20% year-over-year",https://www.adobe.com/cc-shared/assets/investor-relations/pdfs/adbe-q4fy25-transcript.pdf
FY25Q4,acrobat_express_mau_yoy_growth_pct,20,N,"Acrobat and Express surpassed 750 million, growing 20% year-over-year",https://www.adobe.com/cc-shared/assets/investor-relations/pdfs/adbe-q4fy25-transcript.pdf
FY25Q4,creative_freemium_mau_m,70,Y,"creative users across Firefly, Express, Premiere Mobile, and other freemium offerings. MAU for these offerings surpassed 70 million in Q4",https://www.adobe.com/cc-shared/assets/investor-relations/pdfs/adbe-q4fy25-transcript.pdf
FY25Q4,creative_freemium_mau_yoy_growth_pct,35,Y,"MAU for these offerings surpassed 70 million in Q4, growing over 35% year-over-year",https://www.adobe.com/cc-shared/assets/investor-relations/pdfs/adbe-q4fy25-transcript.pdf
FY25Q4,acrobat_web_mau_yoy_growth_pct,30,Y,"Acrobat Web, which saw MAU increase over 30% year-over-year",https://www.adobe.com/cc-shared/assets/investor-relations/pdfs/adbe-q4fy25-transcript.pdf
FY25Q4,firefly_first_time_subscriptions_qoq_growth_x,2,N,We drove 2x quarter-over-quarter growth in first-time subscriptions of Firefly,https://www.adobe.com/cc-shared/assets/investor-relations/pdfs/adbe-q4fy25-transcript.pdf
FY25Q4,generative_credit_consumption_qoq_growth_x,3,N,"consumption of generative credits in Creative Cloud, Firefly, and Express increased 3x quarter-over-quarter",https://www.adobe.com/cc-shared/assets/investor-relations/pdfs/adbe-q4fy25-transcript.pdf
FY25Q4,ai_first_arr_musd,,Y,"UNAVAILABLE: Q4 FY25 call/PR give no AI-first ARR level (only 'AI-first ending ARR, which accelerated through the year'); FY25 target >$250M met in Q3",https://www.sec.gov/Archives/edgar/data/796343/000079634325000135/adbeex991q425.htm
FY26Q1,total_mau_m,850,Y,"we surpassed 850 million monthly active users of Acrobat, Creative Cloud, Express and Firefly, achieving 17% year-over-year growth",https://www.adobe.com/cc-shared/assets/investor-relations/pdfs/adbe-q1fy26-transcript.pdf
FY26Q1,total_mau_yoy_growth_pct,17,N,850 million monthly active users ... achieving 17% year-over-year growth,https://www.adobe.com/cc-shared/assets/investor-relations/pdfs/adbe-q1fy26-transcript.pdf
FY26Q1,creative_freemium_mau_m,80,Y,"creative freemium MAU crossed 80 million, growing 50% year-over-year and includes web and mobile versions of Firefly, Express, Premiere, Photoshop and Lightroom",https://www.adobe.com/cc-shared/assets/investor-relations/pdfs/adbe-q1fy26-transcript.pdf
FY26Q1,creative_freemium_mau_yoy_growth_pct,50,Y,"Creative freemium MAU crossed 80 million, growing over 50% year-over-year",https://www.adobe.com/cc-shared/assets/investor-relations/pdfs/adbe-q1fy26-transcript.pdf
FY26Q1,acrobat_express_mau_yoy_growth_pct,20,N,Acrobat and Express MAU grew approximately 20% year-over-year,https://www.adobe.com/cc-shared/assets/investor-relations/pdfs/adbe-q1fy26-transcript.pdf
FY26Q1,acrobat_ai_assistant_mau_yoy_growth_x,2,N,AI Assistant MAU doubled year-over-year and Express MAU tripled year-over-year,https://www.adobe.com/cc-shared/assets/investor-relations/pdfs/adbe-q1fy26-transcript.pdf
FY26Q1,express_mau_yoy_growth_x,3,N,Express MAU tripled year-over-year. Express is now used in 99% of US Fortune 500 companies,https://www.adobe.com/cc-shared/assets/investor-relations/pdfs/adbe-q1fy26-transcript.pdf
FY26Q1,acrobat_ai_assistant_arr_yoy_growth_x,3,N,Acrobat AI Assistant ARR grew approximately 3x year-over-year,https://www.adobe.com/cc-shared/assets/investor-relations/pdfs/adbe-q1fy26-transcript.pdf
FY26Q1,generative_credit_consumption_qoq_growth_pct,45,Y,Generative credit consumption increased more than 45% quarter-over-quarter,https://www.adobe.com/cc-shared/assets/investor-relations/pdfs/adbe-q1fy26-transcript.pdf
FY26Q1,ai_first_arr_yoy_growth_x,3,Y,AI-first ARR more than triples year over year,https://www.sec.gov/Archives/edgar/data/796343/000079634326000048/adbeex991q126.htm
FY26Q1,ai_first_arr_musd_IMPLIED,375,Y,IMPLIED: 3 x Q1 FY25 lower bound (>$125M) = >$375M; level not disclosed,https://www.sec.gov/Archives/edgar/data/796343/000079634326000048/adbeex991q126.htm
FY26Q2,acrobat_express_mau_m,850,Y,"Acrobat and Express MAU surpassed 850 million, growing approximately 20% year-over-year",https://www.adobe.com/cc-shared/assets/investor-relations/pdfs/adbe-q2fy26-transcript.pdf
FY26Q2,bpc_mau_m,850,Y,"BP&C traffic grew 35% year-over-year, with MAU growing from greater than 700 million to greater than 850 million in Q2 year-over-year",https://www.adobe.com/cc-shared/assets/investor-relations/pdfs/adbe-q2fy26-transcript.pdf
FY26Q2,acrobat_express_mau_yoy_growth_pct,20,N,"Acrobat and Express MAU surpassed 850 million, growing approximately 20% year-over-year",https://www.adobe.com/cc-shared/assets/investor-relations/pdfs/adbe-q2fy26-transcript.pdf
FY26Q2,creative_freemium_mau_m,90,Y,"Creative freemium MAU, which includes web and mobile versions of Firefly, Express, Premiere, Photoshop, and Lightroom, crossed 90 million, growing over 70% year-over-year",https://www.adobe.com/cc-shared/assets/investor-relations/pdfs/adbe-q2fy26-transcript.pdf
FY26Q2,creative_freemium_mau_yoy_growth_pct,70,Y,"crossed 90 million, growing over 70% year-over-year",https://www.adobe.com/cc-shared/assets/investor-relations/pdfs/adbe-q2fy26-transcript.pdf
FY26Q2,acrobat_ai_assistant_paid_mau_yoy_growth_pct,150,Y,"Acrobat AI Assistant paid MAU grew over 150% year-over-year, and lifetime AI users in Acrobat tripled year-over-year",https://www.adobe.com/cc-shared/assets/investor-relations/pdfs/adbe-q2fy26-transcript.pdf
FY26Q2,acrobat_lifetime_ai_users_yoy_growth_x,3,N,lifetime AI users in Acrobat tripled year-over-year,https://www.adobe.com/cc-shared/assets/investor-relations/pdfs/adbe-q2fy26-transcript.pdf
FY26Q2,express_mau_qoq_growth_pct,20,Y,Express MAU grew more than 20% quarter-over-quarter,https://www.adobe.com/cc-shared/assets/investor-relations/pdfs/adbe-q2fy26-transcript.pdf
FY26Q2,bpc_traffic_yoy_growth_pct,35,N,BP&C traffic grew 35% year-over-year,https://www.adobe.com/cc-shared/assets/investor-relations/pdfs/adbe-q2fy26-transcript.pdf
FY26Q2,ccp_adobe_com_traffic_yoy_growth_pct,50,Y,C&CP traffic to Adobe.com grew over 50% year-over-year,https://www.adobe.com/cc-shared/assets/investor-relations/pdfs/adbe-q2fy26-transcript.pdf
FY26Q2,firefly_arr_qoq_growth_pct,50,N,Firefly ARR grew approximately 50% quarter-over-quarter through Firefly apps and credit packs,https://www.adobe.com/cc-shared/assets/investor-relations/pdfs/adbe-q2fy26-transcript.pdf
FY26Q2,ai_first_arr_musd,500,Y,AI-first ARR triples year over year and exceeds $500 million,https://www.sec.gov/Archives/edgar/data/796343/000079634326000109/adbeex991q226.htm
FY26Q3,total_mau_m,1000,Y,"used by over 1 billion monthly active users across all businesses, a number that grew greater than 20% year-over-year in Q3",https://www.adobe.com/cc-shared/assets/investor-relations/pdfs/adbe-q3fy26-transcript.pdf
FY26Q3,total_mau_yoy_growth_pct,20,Y,a number that grew greater than 20% year-over-year in Q3,https://www.adobe.com/cc-shared/assets/investor-relations/pdfs/adbe-q3fy26-transcript.pdf
FY26Q3,acrobat_express_mau_m,900,Y,"Acrobat plus Express MAU surpassed 900 million, growing more than 25% year-over-year",https://www.adobe.com/cc-shared/assets/investor-relations/pdfs/adbe-q3fy26-transcript.pdf
FY26Q3,acrobat_express_mau_yoy_growth_pct,25,Y,Business Professional & Consumer MAU grew over 25% year-over-year to over 900 million,https://www.adobe.com/cc-shared/assets/investor-relations/pdfs/adbe-q3fy26-transcript.pdf
FY26Q3,creative_freemium_mau_m,100,Y,creative freemium MAU now surpassing 100 million and growing over 70% year-over-year,https://www.adobe.com/cc-shared/assets/investor-relations/pdfs/adbe-q3fy26-transcript.pdf
FY26Q3,creative_freemium_mau_yoy_growth_pct,70,Y,"Creative freemium MAU ... crossed 100 million, growing over 70% year-over-year",https://www.adobe.com/cc-shared/assets/investor-relations/pdfs/adbe-q3fy26-transcript.pdf
FY26Q3,acrobat_ai_assistant_mau_qoq_growth_x,2,N,Acrobat AI Assistant MAU doubled quarter-over-quarter,https://www.adobe.com/cc-shared/assets/investor-relations/pdfs/adbe-q3fy26-transcript.pdf
FY26Q3,firefly_arr_qoq_growth_pct,40,N,Firefly ending ARR across Firefly Apps and Firefly credit packs grew 40% quarter-over-quarter,https://www.adobe.com/cc-shared/assets/investor-relations/pdfs/adbe-q3fy26-transcript.pdf
FY26Q3,ai_first_arr_musd,650,Y,AI-first ending ARR now exceeding $650 million and growing more than 150% year-over-year,https://www.adobe.com/cc-shared/assets/investor-relations/pdfs/adbe-q3fy26-transcript.pdf
FY26Q3,ai_first_arr_yoy_growth_pct,150,Y,Adobe AI-first ARR grew more than 150% year over year,https://www.sec.gov/Archives/edgar/data/796343/000079634326000147/adbeex991q326.htm
FY26Q3,total_mau_m,1000,Y,Achieves major milestone of 1 billion monthly active users (MAU) across creativity and productivity solutions,https://www.sec.gov/Archives/edgar/data/796343/000079634326000147/adbeex991q326.htm
FY26Q3,topaz_labs_users_m_ACQUIRED_not_organic,1,Y,"With over 1 million users, Topaz Labs and its Emmy Award-winning AI technology will be integrated",https://www.adobe.com/cc-shared/assets/investor-relations/pdfs/adbe-q3fy26-transcript.pdf
