date_collected,domain,month,total_visits,bounce_rate_pct,pages_per_visit,avg_visit_duration,top_country,top_country_share_pct,account_type,source_url,notes
2026-10-02,firefly.adobe.com,2026-07,10000000,50,3.0,00:03:00,United States,30,synthetic,SYNTHETIC,SYNTHETIC EXAMPLE - NOT REAL DATA
2026-10-02,firefly.adobe.com,2026-08,11000000,50,3.0,00:03:00,United States,30,synthetic,SYNTHETIC,SYNTHETIC EXAMPLE - NOT REAL DATA
2026-10-02,firefly.adobe.com,2026-09,12500000,50,3.0,00:03:00,United States,30,synthetic,SYNTHETIC,SYNTHETIC EXAMPLE - NOT REAL DATA
2026-10-02,canva.com,2026-07,300000000,40,5.0,00:08:00,United States,15,synthetic,SYNTHETIC,SYNTHETIC EXAMPLE - NOT REAL DATA
2026-10-02,canva.com,2026-08,310000000,40,5.0,00:08:00,United States,15,synthetic,SYNTHETIC,SYNTHETIC EXAMPLE - NOT REAL DATA
2026-10-02,canva.com,2026-09,305000000,40,5.0,00:08:00,United States,15,synthetic,SYNTHETIC,SYNTHETIC EXAMPLE - NOT REAL DATA
2026-10-02,figma.com,2026-07,100000000,30,6.0,00:10:00,United States,25,synthetic,SYNTHETIC,SYNTHETIC EXAMPLE - NOT REAL DATA
2026-10-02,figma.com,2026-08,102000000,30,6.0,00:10:00,United States,25,synthetic,SYNTHETIC,SYNTHETIC EXAMPLE - NOT REAL DATA
2026-10-02,figma.com,2026-09,104000000,30,6.0,00:10:00,United States,25,synthetic,SYNTHETIC,SYNTHETIC EXAMPLE - NOT REAL DATA
